"Date","SLV","SLVP"
2012-02-03,32.69,25.55
2012-02-06,32.68,25.15
2012-02-07,33.26,25.31
2012-02-08,33.04,25.21
2012-02-09,32.9,25.13
2012-02-10,32.51,24.7
2012-02-13,32.75,24.82
2012-02-14,32.54,24.59
2012-02-15,32.45,24.71
2012-02-16,32.57,24.84
2012-02-17,32.28,24.84
2012-02-21,33.38,25.29
2012-02-22,33.44,25.78
2012-02-23,34.4,26.02
2012-02-24,34.37,26.02
2012-02-27,34.36,25.75
2012-02-28,35.83,26.49
2012-02-29,33.55,25.73
2012-03-01,34.44,26
2012-03-02,33.76,25.54
2012-03-05,33.03,24.59
2012-03-06,32.01,23.77
2012-03-07,32.41,24.21
2012-03-08,32.85,24.58
2012-03-09,33.22,24.68
2012-03-12,32.63,24.07
2012-03-13,32.26,24.04
2012-03-15,31.53,23.15
2012-03-16,31.59,23.24
2012-03-19,31.98,23.2
2012-03-20,31.15,22.73
2012-03-21,31.21,23.1
2012-03-22,30.54,22.31
2012-03-23,31.24,23.12
2012-03-26,31.93,23.73
2012-03-27,31.59,23.25
2012-03-28,31.15,22.4
2012-03-29,31.35,22.08
2012-04-03,31.65,23.33
2012-04-04,30.32,22
2012-04-05,30.72,21.81
2012-04-09,30.59,21.57
2012-04-10,30.79,21.37
2012-04-11,30.65,21.62
2012-04-12,31.42,22.3
2012-04-13,30.55,21.88
2012-04-17,30.8,21.73
2012-04-18,30.64,21.56
2012-04-20,30.75,21.15
2012-04-23,29.97,20.47
2012-04-24,29.93,20.37
2012-04-26,30.18,21.53
2012-04-27,30.37,21.62
2012-04-30,30.11,21.5
2012-05-02,29.78,21.36
2012-05-03,29.29,20.37
2012-05-04,29.41,20.48
2012-05-07,29.21,19.88
2012-05-09,28.38,19.72
2012-05-10,28.25,19.46
2012-05-11,28.08,19.29
2012-05-14,27.42,17.8
2012-05-15,26.86,17.46
2012-05-16,26.37,17.1
2012-05-17,27.24,17.59
2012-05-18,27.79,17.99
2012-05-21,27.68,17.91
2012-05-22,27.34,18.38
2012-05-24,27.44,18.25
2012-05-29,27.1,18.55
2012-05-30,27.12,17.83
2012-05-31,26.96,18.19
2012-06-01,27.62,18.6
2012-06-04,27.46,18.75
2012-06-05,27.72,18.84
2012-06-06,28.51,19.47
2012-06-07,27.79,19.36
2012-06-08,27.75,19.09
2012-06-11,27.79,19.02
2012-06-12,28.12,19.28
2012-06-13,28.01,19.28
2012-06-18,27.87,19.46
2012-06-19,27.64,19.85
2012-06-20,27.26,19.82
2012-06-21,26.12,18.94
2012-06-22,26.15,18.28
2012-06-26,26.3,18.14
2012-06-28,25.63,17.89
2012-07-02,26.73,18.27
2012-07-03,27.49,19.32
2012-07-05,26.88,19.48
2012-07-10,26.06,18.45
2012-07-11,26.25,17.86
2012-07-12,26.35,17.85
2012-07-13,26.44,18.16
2012-07-18,26.42,17.95
2012-07-19,26.42,18
2012-07-20,26.48,17.97
2012-07-23,26.21,17.43
2012-07-26,26.71,18.35
2012-08-01,26.54,18.23
2012-08-02,26.31,18.1
2012-08-06,27.11,18.86
2012-08-07,27.27,18.87
2012-08-08,27.21,19.14
2012-08-09,27.29,19.34
2012-08-13,26.92,19.38
2012-08-14,26.96,18.8
2012-08-15,26.97,18.65
2012-08-16,27.37,18.77
2012-08-20,27.95,19.53
2012-08-21,28.37,20
2012-08-22,28.92,20.18
2012-08-23,29.6,20.6
2012-08-24,29.74,20.67
2012-08-27,29.74,20.59
2012-08-28,29.93,20.44
2012-08-29,29.75,19.93
2012-08-30,29.44,19.5
2012-08-31,30.79,20.64
2012-09-04,31.36,21.05
2012-09-05,31.27,21.08
2012-09-06,31.67,21.59
2012-09-07,32.64,22.46
2012-09-10,32.29,21.85
2012-09-11,32.41,21.86
2012-09-13,33.61,23.14
2012-09-14,33.6,24.1
2012-09-17,32.99,23.71
2012-09-18,33.71,24.21
2012-09-19,33.57,24.5
2012-09-20,33.58,24.01
2012-09-21,33.48,24.51
2012-09-24,32.93,23.69
2012-09-25,32.68,23.32
2012-09-26,32.87,23.16
2012-09-27,33.58,24.01
2012-09-28,33.48,23.81
2012-10-01,33.65,23.97
2012-10-02,33.5,23.99
2012-10-03,33.51,23.83
2012-10-04,33.93,24.61
2012-10-05,33.45,24.57
2012-10-08,32.97,24
2012-10-09,32.83,23.45
2012-10-10,32.95,23.55
2012-10-11,32.9,23.93
2012-10-12,32.45,23.56
2012-10-15,31.66,23.35
2012-10-18,31.73,23.61
2012-10-19,31.09,23.55
2012-10-22,31.39,23.78
2012-10-23,30.68,23.42
2012-10-26,31.08,23.64
2012-10-31,31.27,24.21
2012-11-01,31.22,24.43
2012-11-05,30.17,23.46
2012-11-07,30.83,23.69
2012-11-08,31.38,23.62
2012-11-09,31.54,23.54
2012-11-13,31.4,23.37
2012-11-14,31.64,21.74
2012-11-15,31.53,21.47
2012-11-16,31.21,21.55
2012-11-19,32.05,22.24
2012-11-20,32.1,22.16
2012-11-21,32.29,22.25
2012-11-23,32.98,22.6
2012-11-26,33.02,22.5
2012-11-29,33.13,21.87
2012-11-30,32.36,21.92
2012-12-03,32.52,21.9
2012-12-04,31.9,21.8
2012-12-06,31.93,21.52
2012-12-10,32.14,22.09
2012-12-12,32.37,22.86
2012-12-13,31.53,22.3
2012-12-14,31.17,22.38
2012-12-17,31.2,22.21
2012-12-18,30.65,21.69
2012-12-19,30.11,21.53
2012-12-20,29,21.31
2012-12-21,29,21.2
2012-12-24,28.94,20.98
2012-12-26,29.01,21.14
2012-12-27,29.24,21.24
2012-12-28,29.1,20.99
2012-12-31,29.37,21.69
2013-01-02,29.92,22.32
2013-01-03,29.18,21.71
2013-01-04,29.24,21.46
2013-01-07,29.18,21.49
2013-01-09,29.35,21.26
2013-01-10,29.78,21.99
2013-01-14,30.04,21.86
2013-01-15,30.36,22
2013-01-16,30.45,21.87
2013-01-18,30.81,21.88
2013-01-22,31.12,21.64
2013-01-23,31.19,21.55
2013-01-24,30.65,20.82
2013-01-25,30.21,20.26
2013-01-28,29.85,20.04
2013-01-29,30.32,20.39
2013-01-30,30.92,20.48
2013-01-31,30.44,20.16
2013-02-01,30.78,20.57
2013-02-04,30.69,20.77
2013-02-05,30.76,20.61
2013-02-07,30.46,20.7
2013-02-08,30.43,20.8
2013-02-11,30,20.33
2013-02-12,30.09,20.18
2013-02-13,29.77,20.18
2013-02-14,29.46,20.08
2013-02-15,28.83,19.46
2013-02-19,28.45,19.21
2013-02-20,27.59,18.24
2013-02-21,27.73,18.53
2013-02-22,27.83,18.35
2013-02-25,28.07,18.46
2013-02-26,28.41,18.5
2013-02-27,28.01,18.57
2013-02-28,27.54,18.25
2013-03-01,27.62,17.9
2013-03-04,27.6,17.34
2013-03-05,27.75,17.35
2013-03-06,28.1,17.8
2013-03-07,27.91,17.94
2013-03-08,28,17.85
2013-03-12,28.2,18.28
2013-03-13,27.94,18.03
2013-03-14,27.8,17.87
2013-03-15,27.8,17.87
2013-03-18,27.95,17.94
2013-03-19,27.93,17.96
2013-03-20,27.81,17.91
2013-03-21,28.18,18.28
2013-03-22,27.75,18.12
2013-03-25,27.84,18.03
2013-03-26,27.75,18.03
2013-03-27,27.73,17.97
2013-03-28,27.43,18.05
2013-04-01,27.09,17.8
2013-04-02,26.35,17.17
2013-04-03,26.09,16.48
2013-04-04,25.99,16.98
2013-04-05,26.39,16.92
2013-04-08,26.32,16.79
2013-04-09,27.03,17.3
2013-04-10,26.68,17.04
2013-04-11,26.7,16.92
2013-04-12,25.28,15.96
2013-04-15,22.09,14.29
2013-04-16,22.66,14.07
2013-04-17,22.44,13.23
2013-04-18,22.4,13.6
2013-04-19,22.4,13.65
2013-04-22,22.62,13.75
2013-04-23,22.18,13.57
2013-04-24,22.42,14.25
2013-04-25,23.49,14.8
2013-04-26,23.1,14.4
2013-04-29,23.54,14.53
2013-04-30,23.46,14.35
2013-05-01,22.86,14.4
2013-05-02,23.02,14.41
2013-05-03,23.29,14.5
2013-05-06,23.18,14.31
2013-05-07,23.1,14.05
2013-05-08,23.12,14.4
2013-05-09,22.89,14.03
2013-05-10,22.98,14.12
2013-05-13,22.83,13.81
2013-05-14,22.57,13.59
2013-05-15,21.76,13.18
2013-05-16,21.95,13.1
2013-05-17,21.4,12.66
2013-05-20,22.28,13.11
2013-05-21,21.62,13.05
2013-05-22,21.51,13.3
2013-05-23,21.88,13.16
2013-05-24,21.61,13
2013-05-28,21.53,13.07
2013-05-29,21.71,13.43
2013-05-30,21.98,14.02
2013-05-31,21.43,13.66
2013-06-03,21.98,13.97
2013-06-04,21.77,13.85
2013-06-05,21.78,13.9
2013-06-06,21.93,14.05
2013-06-07,20.86,13.47
2013-06-10,21.16,13.58
2013-06-11,20.91,13.16
2013-06-12,21.02,13.08
2013-06-13,21.04,13.37
2013-06-14,21.33,13.12
2013-06-17,21.1,13.08
2013-06-18,20.88,12.83
2013-06-19,20.6,12.59
2013-06-20,18.96,11.38
2013-06-21,19.39,11.71
2013-06-24,18.97,10.96
2013-06-25,18.91,11.19
2013-06-26,17.89,10.39
2013-06-27,17.89,10.5
2013-06-28,18.97,11.36
2013-07-01,18.93,11.73
2013-07-02,18.68,11.29
2013-07-03,19.02,11.37
2013-07-05,18.21,10.97
2013-07-08,18.42,11.03
2013-07-09,18.57,11.26
2013-07-10,18.48,11.15
2013-07-11,19.49,11.88
2013-07-12,19.21,11.69
2013-07-15,19.28,11.72
2013-07-16,19.33,12.1
2013-07-17,18.66,12.05
2013-07-18,18.72,11.93
2013-07-19,18.88,12.01
2013-07-22,19.77,12.88
2013-07-23,19.77,13.29
2013-07-24,19.47,12.85
2013-07-25,19.5,12.93
2013-07-26,19.32,12.85
2013-07-29,19.14,13.14
2013-07-30,19.03,12.76
2013-07-31,19.14,12.75
2013-08-01,18.97,12.44
2013-08-02,19.12,12.42
2013-08-05,19.01,12.35
2013-08-06,18.83,11.68
2013-08-07,18.83,11.85
2013-08-08,19.6,12.32
2013-08-09,19.76,12.9
2013-08-12,20.62,13.49
2013-08-13,20.71,13.55
2013-08-14,21.09,14.17
2013-08-15,22.15,14.71
2013-08-16,22.34,14.7
2013-08-19,22.34,14.33
2013-08-20,22.19,14.65
2013-08-21,22.14,14.31
2013-08-22,22.27,14.5
2013-08-23,23.15,14.8
2013-08-26,23.46,15.08
2013-08-27,23.59,14.57
2013-08-28,23.43,14.45
2013-08-29,23,14.2
2013-08-30,22.6,14.28
2013-09-03,23.39,14.19
2013-09-04,22.69,14.29
2013-09-05,22.38,13.94
2013-09-06,22.97,14
2013-09-09,22.84,13.88
2013-09-10,22.12,13.49
2013-09-11,22.29,13.52
2013-09-12,21.06,12.89
2013-09-13,21.42,12.97
2013-09-16,20.94,12.7
2013-09-17,20.96,12.64
2013-09-18,22.31,13.87
2013-09-19,22.2,13.71
2013-09-20,21,13.14
2013-09-23,20.78,12.63
2013-09-24,20.89,12.61
2013-09-25,20.98,12.76
2013-09-26,20.92,12.5
2013-09-27,20.96,12.7
2013-09-30,20.9,12.43
2013-10-01,20.41,12.13
2013-10-02,20.92,12.2
2013-10-03,20.92,12.11
2013-10-04,20.93,12.02
2013-10-07,21.53,12.11
2013-10-08,21.49,11.84
2013-10-09,21.05,11.65
2013-10-10,20.82,11.65
2013-10-11,20.52,11.4
2013-10-14,20.5,11.6
2013-10-15,20.56,11.78
2013-10-16,20.5,11.57
2013-10-17,21.05,12.3
2013-10-18,21.11,12.12
2013-10-21,21.41,12.23
2013-10-22,21.87,12.71
2013-10-23,21.75,12.48
2013-10-24,21.87,12.77
2013-10-25,21.71,12.9
2013-10-28,21.68,12.91
2013-10-29,21.69,12.52
2013-10-30,21.88,12.66
2013-10-31,21.09,12.3
2013-11-01,21.08,11.81
2013-11-04,20.85,11.9
2013-11-05,20.9,11.9
2013-11-06,21,12.13
2013-11-07,20.83,11.67
2013-11-08,20.69,11.69
2013-11-11,20.6,11.55
2013-11-12,20,11.5
2013-11-13,19.78,11.46
2013-11-14,20.05,11.74
2013-11-15,20,11.73
2013-11-18,19.66,11.49
2013-11-19,19.61,11.61
2013-11-20,19.14,11.05
2013-11-21,19.24,10.96
2013-11-22,19.13,10.83
2013-11-25,19.27,10.69
2013-11-26,19.13,10.64
2013-11-27,18.96,10.7
2013-11-29,19.24,11.05
2013-12-02,18.46,10.51
2013-12-03,18.42,10.23
2013-12-04,19,10.75
2013-12-05,18.69,10.28
2013-12-06,18.76,10.34
2013-12-09,19.12,10.53
2013-12-10,19.66,10.9
2013-12-11,19.55,10.59
2013-12-12,18.81,10.41
2013-12-13,18.95,10.52
2013-12-16,19.22,10.5
2013-12-17,19.14,10.59
2013-12-18,19.09,10.12
2013-12-19,18.49,9.98
2013-12-20,18.62,10.02
2013-12-23,18.72,9.92
2013-12-24,18.76,10.18
2013-12-26,19.02,10.25
2013-12-27,19.27,10.47
2013-12-30,18.85,10.33
2013-12-31,18.71,10.51
2014-01-02,19.23,10.91
2014-01-03,19.42,11.03
2014-01-06,19.42,10.9
2014-01-07,19.12,10.85
2014-01-08,18.83,10.82
2014-01-09,18.84,10.55
2014-01-10,19.38,10.92
2014-01-13,19.68,11.16
2014-01-14,19.42,11.2
2014-01-15,19.4,11.2
2014-01-16,19.35,11.31
2014-01-17,19.51,11.65
2014-01-21,19.17,11.99
2014-01-22,19.03,11.72
2014-01-23,19.26,12.01
2014-01-24,19.16,11.64
2014-01-27,18.89,11.3
2014-01-28,18.85,11.5
2014-01-29,19.02,11.74
2014-01-30,18.49,11.4
2014-01-31,18.45,11.53
2014-02-03,18.61,11.18
2014-02-04,18.75,11.46
2014-02-05,19.07,11.42
2014-02-06,19.17,11.5
2014-02-07,19.27,11.75
2014-02-10,19.29,12.29
2014-02-11,19.45,12.75
2014-02-12,19.43,12.5
2014-02-13,19.74,13.05
2014-02-14,20.65,13.41
2014-02-18,21.13,13.71
2014-02-19,20.63,13.22
2014-02-20,21,13.64
2014-02-21,20.97,13.65
2014-02-24,21.18,13.78
2014-02-25,21.02,13.52
2014-02-26,20.42,13.1
2014-02-27,20.46,13.1
2014-02-28,20.35,13.25
2014-03-03,20.62,13.44
2014-03-04,20.37,13.17
2014-03-05,20.36,13.2
2014-03-06,20.66,13.56
2014-03-07,20.08,13.18
2014-03-10,20.01,13.06
2014-03-11,20.04,12.77
2014-03-12,20.47,13.11
2014-03-13,20.36,13.45
2014-03-14,20.62,13.75
2014-03-17,20.33,13.3
2014-03-18,20.01,13.02
2014-03-19,19.79,12.92
2014-03-20,19.52,12.68
2014-03-21,19.52,12.44
2014-03-24,19.21,12.15
2014-03-25,19.22,12.24
2014-03-26,19.02,11.62
2014-03-27,19,11.71
2014-03-28,19.06,12.1
2014-03-31,19.04,11.81
2014-04-01,19.06,11.98
2014-04-02,19.19,12.1
2014-04-03,19.06,11.8
2014-04-04,19.16,12
2014-04-07,19.13,12.13
2014-04-08,19.23,12.25
2014-04-09,19.11,12.37
2014-04-10,19.27,12.11
2014-04-11,19.19,11.9
2014-04-14,19.21,12.13
2014-04-15,18.88,11.82
2014-04-16,18.88,11.75
2014-04-17,18.88,11.62
2014-04-21,18.67,11.42
2014-04-22,18.71,11.6
2014-04-23,18.69,11.77
2014-04-24,18.92,11.75
2014-04-25,18.94,11.6
2014-04-28,18.85,11.6
2014-04-29,18.76,11.75
2014-04-30,18.46,11.63
2014-05-01,18.35,11.5
2014-05-02,18.69,11.7
2014-05-05,18.84,11.72
2014-05-06,18.8,11.68
2014-05-07,18.57,11.45
2014-05-08,18.44,11.38
2014-05-09,18.42,11.23
2014-05-12,18.78,11.34
2014-05-13,18.77,11.44
2014-05-14,19,11.45
2014-05-15,18.74,11.4
2014-05-16,18.61,11.2
2014-05-19,18.63,11.69
2014-05-20,18.65,11.22
2014-05-21,18.64,11.12
2014-05-22,18.73,11.19
2014-05-23,18.66,11.13
2014-05-27,18.36,10.8
2014-05-28,18.28,10.66
2014-05-29,18.3,10.69
2014-05-30,18.08,10.58
2014-06-02,18.02,10.6
2014-06-03,18.1,10.68
2014-06-04,18.06,10.69
2014-06-05,18.26,10.92
2014-06-06,18.28,10.8
2014-06-09,18.32,10.99
2014-06-10,18.46,11.15
2014-06-11,18.46,11.23
2014-06-12,18.76,11.44
2014-06-13,18.92,11.49
2014-06-16,18.85,11.57
2014-06-17,18.94,11.8
2014-06-18,19.05,11.9
2014-06-19,19.92,12.67
2014-06-20,20.03,12.62
2014-06-23,20.05,12.86
2014-06-24,20.08,12.75
2014-06-25,20.19,12.62
2014-06-26,20.24,12.62
2014-06-27,20.17,12.52
2014-06-30,20.25,12.84
2014-07-01,20.21,13.5
2014-07-02,20.3,13.17
2014-07-03,20.29,13.11
2014-07-07,20.17,13.09
2014-07-08,20.21,13
2014-07-09,20.27,13.53
2014-07-10,20.52,13.6
2014-07-11,20.57,13.37
2014-07-14,20.1,13.23
2014-07-15,19.88,13
2014-07-16,19.91,12.72
2014-07-17,20.29,13
2014-07-18,20.02,13.14
2014-07-21,20.1,13.18
2014-07-22,20.1,13.07
2014-07-23,20.08,13
2014-07-24,19.58,12.73
2014-07-25,19.87,13.02
2014-07-28,19.81,13.18
2014-07-29,19.78,12.97
2014-07-30,19.78,13.1
2014-07-31,19.58,12.8
2014-08-01,19.52,12.62
2014-08-04,19.4,12.61
2014-08-05,19.05,12.65
2014-08-06,19.23,13.05
2014-08-07,19.17,13.05
2014-08-08,19.19,13.16
2014-08-11,19.23,13.36
2014-08-12,19.17,13.37
2014-08-13,19.04,13.39
2014-08-14,19.1,13.01
2014-08-15,18.86,12.95
2014-08-18,18.87,12.88
2014-08-19,18.7,12.75
2014-08-20,18.72,12.86
2014-08-21,18.69,12.62
2014-08-22,18.69,12.79
2014-08-25,18.6,12.51
2014-08-26,18.63,12.67
2014-08-27,18.66,12.68
2014-08-28,18.74,12.73
2014-08-29,18.71,12.82
2014-09-02,18.41,12.57
2014-09-03,18.43,12.49
2014-09-04,18.32,11.98
2014-09-05,18.42,11.95
2014-09-08,18.26,11.55
2014-09-09,18.31,11.71
2014-09-10,18.24,11.65
2014-09-11,17.96,11.57
2014-09-12,17.89,11.32
2014-09-15,17.92,11.46
2014-09-16,17.95,11.57
2014-09-17,17.77,11.19
2014-09-18,17.77,11.18
2014-09-19,17.19,10.86
2014-09-22,17.08,10.53
2014-09-23,17.07,10.72
2014-09-24,16.99,10.57
2014-09-25,16.83,10.56
2014-09-26,16.9,10.46
2014-09-29,16.78,10.4
2014-09-30,16.35,10.02
2014-10-01,16.48,10.07
2014-10-02,16.41,10.03
2014-10-03,16.12,9.59
2014-10-06,16.6,9.78
2014-10-07,16.48,9.51
2014-10-08,16.68,10.12
2014-10-09,16.62,9.77
2014-10-10,16.64,9.61
2014-10-13,16.73,9.93
2014-10-14,16.68,9.86
2014-10-15,16.71,10.04
2014-10-16,16.67,10.05
2014-10-17,16.58,9.81
2014-10-20,16.73,9.94
2014-10-21,16.81,10
2014-10-22,16.46,9.6
2014-10-23,16.5,9.73
2014-10-24,16.5,9.71
2014-10-27,16.42,9.46
2014-10-28,16.49,9.71
2014-10-29,16.38,9.33
2014-10-30,15.82,8.83
2014-10-31,15.5,8.46
2014-11-03,15.48,8.72
2014-11-04,15.36,8.35
2014-11-05,14.66,8.03
2014-11-06,14.82,8.3
2014-11-07,15.1,8.85
2014-11-10,14.92,8.39
2014-11-11,15.11,8.8
2014-11-12,15.03,8.66
2014-11-13,14.97,8.57
2014-11-14,15.63,9.08
2014-11-17,15.5,9.25
2014-11-18,15.55,9.62
2014-11-19,15.48,9.32
2014-11-20,15.6,9.46
2014-11-21,15.79,9.57
2014-11-24,15.78,9.1
2014-11-25,15.98,9.75
2014-11-26,15.87,9.58
2014-11-28,14.83,8.81
2014-12-01,15.78,9.32
2014-12-02,15.75,8.89
2014-12-03,15.73,9.18
2014-12-04,15.77,8.9
2014-12-05,15.61,8.87
2014-12-08,15.71,8.82
2014-12-09,16.32,9.19
2014-12-10,16.37,8.99
2014-12-11,16.33,8.75
2014-12-12,16.3,8.7
2014-12-15,15.47,8.18
2014-12-16,15.08,8.05
2014-12-17,15.1,8.34
2014-12-18,15.25,8.62
2014-12-19,15.39,8.62
2014-12-22,14.99,8.31
2014-12-23,15.04,8.3
2014-12-24,15.09,8.6
2014-12-26,15.35,8.81
2014-12-29,15.11,8.63
2014-12-30,15.58,8.75
2014-12-31,15.06,8.76
2015-01-02,15.11,8.87
2015-01-05,15.5,8.97
2015-01-06,15.83,9.49
2015-01-07,15.85,9.41
2015-01-08,15.64,9.31
2015-01-09,15.77,9.31
2015-01-12,15.87,9.75
2015-01-13,16.29,9.55
2015-01-14,16.13,9.23
2015-01-15,16.15,9.39
2015-01-16,16.95,9.79
2015-01-20,17.18,10.21
2015-01-21,17.37,10
2015-01-22,17.61,10.07
2015-01-23,17.51,9.81
2015-01-26,17.13,9.83
2015-01-27,17.33,10.18
2015-01-28,17.23,9.72
2015-01-29,16.24,9.52
2015-01-30,16.54,9.65
2015-02-02,16.47,9.93
2015-02-03,16.55,9.75
2015-02-04,16.63,9.87
2015-02-05,16.58,9.87
2015-02-06,16.03,9.63
2015-02-09,16.32,9.78
2015-02-10,16.19,9.49
2015-02-11,16.08,9.37
2015-02-12,16.15,9.58
2015-02-13,16.54,9.76
2015-02-17,15.83,9.43
2015-02-18,15.75,9.46
2015-02-19,15.7,9.41
2015-02-20,15.54,9.12
2015-02-23,15.63,9.02
2015-02-24,15.56,9.12
2015-02-25,15.83,9.15
2015-02-26,15.84,9.24
2015-02-27,15.87,9.36
2015-03-02,15.66,9.24
2015-03-03,15.58,9.08
2015-03-04,15.49,8.76
2015-03-05,15.53,8.76
2015-03-06,15.19,8.3
2015-03-09,15.1,8.03
2015-03-10,15.02,7.78
2015-03-11,14.84,7.99
2015-03-12,14.92,8.01
2015-03-13,14.9,8.03
2015-03-16,14.99,8.01
2015-03-17,14.9,7.9
2015-03-18,15.36,8.24
2015-03-19,15.44,8.31
2015-03-20,16,8.58
2015-03-23,16.3,8.68
2015-03-24,16.28,8.69
2015-03-25,16.24,8.59
2015-03-26,16.3,8.5
2015-03-27,16.22,8.39
2015-03-30,15.98,8.27
2015-03-31,15.93,8.09
2015-04-01,16.23,8.32
2015-04-02,16.02,8.31
2015-04-06,16.27,8.54
2015-04-07,16.15,8.47
2015-04-08,15.81,8.28
2015-04-09,15.51,8.26
2015-04-10,15.77,8.36
2015-04-13,15.6,8.35
2015-04-14,15.51,8.28
2015-04-15,15.63,8.49
2015-04-16,15.57,8.49
2015-04-17,15.56,8.43
2015-04-20,15.29,8.37
2015-04-21,15.32,8.43
2015-04-22,15.11,8.29
2015-04-23,15.21,8.42
2015-04-24,15.06,8.42
2015-04-27,15.66,8.68
2015-04-28,15.87,8.85
2015-04-29,15.81,8.96
2015-04-30,15.43,8.75
2015-05-01,15.47,8.79
2015-05-04,15.7,8.9
2015-05-05,15.81,8.79
2015-05-06,15.77,8.76
2015-05-07,15.6,8.67
2015-05-08,15.76,8.85
2015-05-11,15.57,8.83
2015-05-12,15.81,8.98
2015-05-13,16.35,9.2
2015-05-14,16.65,9.32
2015-05-15,16.75,9.33
2015-05-18,16.89,9.33
2015-05-19,16.38,9.11
2015-05-20,16.37,9.15
2015-05-21,16.39,9.08
2015-05-22,16.34,9.01
2015-05-26,16.02,8.76
2015-05-27,15.96,8.73
2015-05-28,15.97,8.82
2015-05-29,15.99,8.96
2015-06-01,16,8.98
2015-06-02,16.07,8.9
2015-06-03,15.83,8.88
2015-06-04,15.48,8.73
2015-06-05,15.39,8.66
2015-06-08,15.32,8.68
2015-06-09,15.29,8.57
2015-06-10,15.32,8.76
2015-06-11,15.33,8.8
2015-06-12,15.25,8.67
2015-06-15,15.4,8.73
2015-06-16,15.32,8.63
2015-06-17,15.45,8.8
2015-06-18,15.46,8.96
2015-06-19,15.42,8.74
2015-06-22,15.49,8.65
2015-06-23,15.14,8.64
2015-06-24,15.19,8.59
2015-06-25,15.17,8.44
2015-06-26,15.11,8.36
2015-06-29,15.03,8.3
2015-06-30,15.03,8.13
2015-07-01,14.9,8.04
2015-07-02,14.95,8.05
2015-07-06,14.99,8
2015-07-07,14.43,7.59
2015-07-08,14.46,7.32
2015-07-09,14.76,7.49
2015-07-10,14.88,7.51
2015-07-13,14.81,7.55
2015-07-14,14.69,7.47
2015-07-15,14.43,7.3
2015-07-16,14.35,7.31
2015-07-17,14.23,7.07
2015-07-20,14.05,6.53
2015-07-21,14.14,6.56
2015-07-22,14.14,6.59
2015-07-23,14,6.31
2015-07-24,14.02,6.44
2015-07-27,13.92,6.3
2015-07-28,14.02,6.41
2015-07-29,14.15,6.49
2015-07-30,14.09,6.38
2015-07-31,14.08,6.43
2015-08-03,13.87,6.25
2015-08-04,13.92,6.2
2015-08-05,13.95,6.06
2015-08-06,13.99,6.15
2015-08-07,14.11,6.13
2015-08-10,14.54,6.5
2015-08-11,14.64,6.55
2015-08-12,14.82,6.96
2015-08-13,14.71,6.7
2015-08-14,14.55,6.66
2015-08-17,14.63,6.84
2015-08-18,14.22,6.64
2015-08-19,14.57,6.8
2015-08-20,14.78,6.89
2015-08-21,14.61,6.7
2015-08-24,14.13,6.2
2015-08-25,13.99,6.01
2015-08-26,13.56,5.79
2015-08-27,13.8,6.04
2015-08-28,13.92,6.24
2015-08-31,13.99,6.19
2015-09-01,13.94,6.01
2015-09-02,14.02,5.87
2015-09-03,14.02,5.92
2015-09-04,13.92,5.79
2015-09-08,14.12,6.03
2015-09-09,13.93,5.99
2015-09-10,13.99,5.77
2015-09-11,13.95,5.77
2015-09-14,13.79,5.76
2015-09-15,13.77,5.77
2015-09-16,14.22,6.1
2015-09-17,14.42,6.2
2015-09-18,14.47,6.26
2015-09-21,14.49,6.13
2015-09-22,14.14,5.93
2015-09-23,14.12,5.81
2015-09-24,14.43,6.15
2015-09-25,14.4,6.05
2015-09-28,13.94,5.93
2015-09-29,13.97,5.8
2015-09-30,13.87,5.82
2015-10-01,13.9,5.82
2015-10-02,14.55,6.13
2015-10-05,14.89,6.58
2015-10-06,15.07,6.73
2015-10-07,15.29,6.75
2015-10-08,14.99,6.81
2015-10-09,15.12,6.97
2015-10-12,15.13,6.59
2015-10-13,15.16,6.7
2015-10-14,15.42,7.13
2015-10-15,15.39,7.26
2015-10-16,15.28,7.21
2015-10-19,15.11,6.92
2015-10-20,15.19,6.85
2015-10-21,14.99,6.71
2015-10-22,15.11,6.82
2015-10-23,15.12,6.95
2015-10-26,15.11,6.79
2015-10-27,15.13,6.75
2015-10-28,15.26,6.81
2015-10-29,14.88,6.48
2015-10-30,14.8,6.41
2015-11-02,14.72,6.36
2015-11-03,14.58,6.37
2015-11-04,14.38,6.38
2015-11-05,14.3,6.17
2015-11-06,14.08,5.92
2015-11-09,13.89,5.94
2015-11-10,13.76,5.81
2015-11-11,13.64,5.87
2015-11-12,13.64,5.74
2015-11-13,13.59,5.85
2015-11-16,13.6,5.93
2015-11-17,13.55,5.73
2015-11-18,13.52,5.88
2015-11-19,13.62,5.95
2015-11-20,13.5,5.87
2015-11-23,13.45,5.91
2015-11-24,13.51,5.98
2015-11-25,13.52,5.99
2015-11-27,13.46,5.97
2015-11-30,13.44,5.92
2015-12-01,13.51,6.15
2015-12-02,13.37,6.05
2015-12-03,13.46,6.06
2015-12-04,13.87,6.18
2015-12-07,13.62,6
2015-12-08,13.51,5.84
2015-12-09,13.49,5.85
2015-12-10,13.45,5.93
2015-12-11,13.3,5.89
2015-12-14,13.06,5.74
2015-12-15,13.11,5.66
2015-12-16,13.49,5.76
2015-12-17,13.08,5.61
2015-12-18,13.43,5.63
2015-12-21,13.59,5.69
2015-12-22,13.59,5.75
2015-12-23,13.62,5.75
2015-12-24,13.69,5.79
2015-12-28,13.29,5.85
2015-12-29,13.27,5.7
2015-12-30,13.21,5.68
2015-12-31,13.19,5.62
2016-01-04,13.19,5.72
2016-01-05,13.31,5.74
2016-01-06,13.36,5.63
2016-01-07,13.62,5.84
2016-01-08,13.3,5.72
2016-01-11,13.22,5.41
2016-01-12,13.17,5.2
2016-01-13,13.49,5.32
2016-01-14,13.19,5.29
2016-01-15,13.24,5.04
2016-01-19,13.36,4.89
2016-01-20,13.48,4.87
2016-01-21,13.46,4.96
2016-01-22,13.38,5.01
2016-01-25,13.58,4.96
2016-01-26,13.82,5.26
2016-01-27,13.81,5.27
2016-01-28,13.57,5.12
2016-01-29,13.59,5.4
2016-02-01,13.67,5.57
2016-02-02,13.62,5.5
2016-02-03,13.95,5.71
2016-02-04,14.17,5.96
2016-02-05,14.34,6.28
2016-02-08,14.59,6.59
2016-02-09,14.51,6.38
2016-02-10,14.55,6.24
2016-02-11,14.95,6.74
2016-02-12,14.99,6.96
2016-02-16,14.51,6.64
2016-02-17,14.54,6.78
2016-02-18,14.76,7.14
2016-02-19,14.64,7.22
2016-02-22,14.43,7.17
2016-02-23,14.54,7.19
2016-02-24,14.52,7.28
2016-02-25,14.41,7.33
2016-02-26,14.02,7.24
2016-02-29,14.2,7.37
2016-03-01,14.17,7.1
2016-03-02,14.25,7.22
2016-03-03,14.5,7.58
2016-03-04,14.76,7.7
2016-03-07,14.9,8
2016-03-08,14.62,7.77
2016-03-09,14.53,7.65
2016-03-10,14.82,7.93
2016-03-11,14.72,8
2016-03-14,14.58,7.91
2016-03-15,14.54,7.6
2016-03-16,14.87,8.22
2016-03-17,15.16,8.33
2016-03-18,15.03,8.32
2016-03-21,15.06,8.53
2016-03-22,15.12,8.51
2016-03-23,14.51,8.16
2016-03-24,14.43,8.08
2016-03-28,14.46,8.15
2016-03-29,14.6,8.4
2016-03-30,14.49,8.36
2016-03-31,14.68,8.33
2016-04-01,14.34,8.31
2016-04-04,14.2,8.07
2016-04-05,14.42,8.21
2016-04-06,14.34,8.38
2016-04-07,14.48,8.51
2016-04-08,14.62,8.65
2016-04-11,15.14,9.26
2016-04-12,15.41,9.51
2016-04-13,15.44,9.47
2016-04-14,15.34,9.28
2016-04-15,15.46,9.6
2016-04-18,15.42,9.71
2016-04-19,16.12,10.64
2016-04-20,16.14,10.58
2016-04-21,16.21,10.68
2016-04-22,16.13,10.44
2016-04-25,16.17,10.27
2016-04-26,16.29,10.76
2016-04-27,16.38,10.77
2016-04-28,16.77,11.33
2016-04-29,16.98,11.67
2016-05-02,16.64,11.48
2016-05-03,16.57,10.86
2016-05-04,16.49,10.46
2016-05-05,16.51,10.64
2016-05-06,16.63,11.24
2016-05-09,16.12,10.37
2016-05-10,16.28,10.66
2016-05-11,16.56,11.05
2016-05-12,16.22,11.08
2016-05-13,16.28,11.15
2016-05-16,16.32,11.36
2016-05-17,16.41,11.75
2016-05-18,16,10.94
2016-05-19,15.67,10.89
2016-05-20,15.69,10.92
2016-05-23,15.59,10.9
2016-05-24,15.42,10.31
2016-05-25,15.5,10.59
2016-05-26,15.53,10.63
2016-05-27,15.39,10.2
2016-05-31,15.19,10.27
2016-06-01,15.17,10.24
2016-06-02,15.22,10.31
2016-06-03,15.61,11.32
2016-06-06,15.68,11.39
2016-06-07,15.6,11.39
2016-06-08,16.21,11.76
2016-06-09,16.47,11.9
2016-06-10,16.49,11.77
2016-06-13,16.58,11.74
2016-06-14,16.54,11.44
2016-06-15,16.69,11.91
2016-06-16,16.31,11.69
2016-06-17,16.6,11.75
2016-06-20,16.65,11.94
2016-06-21,16.38,11.74
2016-06-22,16.42,11.73
2016-06-23,16.49,11.87
2016-06-24,16.89,12.18
2016-06-27,16.87,12.26
2016-06-28,16.91,12.26
2016-06-29,17.37,12.88
2016-06-30,17.86,13.25
2016-07-01,18.74,14.03
2016-07-05,18.98,14.25
2016-07-06,19.1,14.93
2016-07-07,18.71,14.37
2016-07-08,19.22,14.98
2016-07-11,19.3,15.28
2016-07-12,19.09,14.84
2016-07-13,19.39,15.32
2016-07-14,19.25,15.31
2016-07-15,19.08,15.06
2016-07-18,19.1,15.13
2016-07-19,18.92,14.98
2016-07-20,18.42,14.05
2016-07-21,18.88,14.57
2016-07-22,18.67,14.53
2016-07-25,18.54,14.01
2016-07-26,18.66,14.43
2016-07-27,19.37,15.1
2016-07-28,19.21,15.22
2016-07-29,19.35,15.67
2016-08-01,19.43,15.95
2016-08-02,19.6,16.21
2016-08-03,19.38,16.09
2016-08-04,19.35,16.18
2016-08-05,18.71,15.78
2016-08-08,18.74,16.09
2016-08-09,18.87,16.32
2016-08-10,19.16,16.61
2016-08-11,18.96,16.76
2016-08-12,18.72,16.69
2016-08-15,18.83,16.79
2016-08-16,18.82,16.87
2016-08-17,18.68,16.51
2016-08-18,18.77,16.83
2016-08-19,18.35,16.29
2016-08-22,17.97,15.77
2016-08-23,17.93,15.56
2016-08-24,17.62,14.29
2016-08-25,17.63,14.49
2016-08-26,17.72,14.53
2016-08-29,17.9,14.68
2016-08-30,17.67,13.89
2016-08-31,17.72,13.6
2016-09-01,17.94,14.03
2016-09-02,18.44,14.74
2016-09-06,19.05,15.63
2016-09-07,18.78,15.63
2016-09-08,18.62,15.45
2016-09-09,18.11,14.44
2016-09-12,18.17,14.77
2016-09-13,17.93,14.11
2016-09-14,18.02,14.18
2016-09-15,18.04,14.21
2016-09-16,17.86,13.94
2016-09-19,18.2,14.08
2016-09-20,18.27,14.11
2016-09-21,18.85,15.1
2016-09-22,18.9,15.08
2016-09-23,18.68,14.64
2016-09-26,18.41,14.39
2016-09-27,18.17,14.15
2016-09-28,18.21,14.49
2016-09-29,18.11,14.39
2016-09-30,18.2,14.19
2016-10-03,17.87,13.98
2016-10-04,16.94,12.66
2016-10-05,16.85,12.62
2016-10-06,16.44,12.24
2016-10-07,16.6,12.39
2016-10-10,16.73,12.58
2016-10-11,16.56,12.21
2016-10-12,16.65,12.45
2016-10-13,16.61,12.65
2016-10-14,16.56,12.32
2016-10-17,16.57,12.55
2016-10-18,16.72,13.05
2016-10-19,16.79,13.35
2016-10-20,16.64,13.29
2016-10-21,16.65,13.2
2016-10-24,16.7,12.92
2016-10-25,16.86,13.14
2016-10-26,16.71,12.9
2016-10-27,16.73,12.75
2016-10-28,16.87,12.71
2016-10-31,16.97,12.95
2016-11-01,17.41,13.33
2016-11-02,17.56,13.18
2016-11-03,17.42,13.34
2016-11-04,17.46,13.14
2016-11-07,17.29,12.91
2016-11-08,17.4,12.96
2016-11-09,17.45,13.38
2016-11-10,17.56,12.15
2016-11-11,16.47,11.04
2016-11-14,16,11.13
2016-11-15,16.19,11.58
2016-11-16,16.09,11.5
2016-11-17,15.84,11.17
2016-11-18,15.73,11.02
2016-11-21,15.72,11.28
2016-11-22,15.8,11.36
2016-11-23,15.52,10.88
2016-11-25,15.63,10.76
2016-11-28,15.77,11.18
2016-11-29,15.78,11.13
2016-11-30,15.66,11.01
2016-12-01,15.66,10.9
2016-12-02,15.83,11.42
2016-12-05,15.88,11.46
2016-12-06,15.85,11.45
2016-12-07,16.23,11.52
2016-12-08,16.14,11.51
2016-12-09,15.97,11.02
2016-12-12,16.19,11.13
2016-12-13,16.04,11.34
2016-12-14,15.93,10.85
2016-12-15,15.18,10.15
2016-12-16,15.27,10.07
2016-12-19,15.17,10.03
2016-12-20,15.24,9.98
2016-12-21,15.12,9.66
2016-12-22,14.98,9.59
2016-12-23,14.91,9.73
2016-12-27,15.13,10.02
2016-12-28,15.2,10.2
2016-12-29,15.32,10.98
2016-12-30,15.11,10.45
2017-01-03,15.44,10.98
2017-01-04,15.58,11.24
2017-01-05,15.76,12.07
2017-01-06,15.64,11.56
2017-01-09,15.7,11.65
2017-01-10,15.91,11.83
2017-01-11,15.87,11.71
2017-01-12,15.91,11.66
2017-01-13,15.94,11.89
2017-01-17,16.28,12.16
2017-01-18,16.19,11.92
2017-01-19,16.12,11.9
2017-01-20,16.19,12.02
2017-01-23,16.29,12.42
2017-01-24,16.22,12.35
2017-01-25,16.1,12.23
2017-01-26,15.93,11.86
2017-01-27,16.22,12.17
2017-01-30,16.23,12.06
2017-01-31,16.63,12.45
2017-02-01,16.61,12.57
2017-02-02,16.56,12.68
2017-02-03,16.57,12.74
2017-02-06,16.82,13.25
2017-02-07,16.79,13.28
2017-02-08,16.84,13.39
2017-02-09,16.75,12.9
2017-02-10,17.02,13.11
2017-02-13,16.89,13
2017-02-14,17.01,13.07
2017-02-15,17.04,12.9
2017-02-16,17.15,12.95
2017-02-17,17.06,12.79
2017-02-21,17.03,12.74
2017-02-22,17.11,12.6
2017-02-23,17.24,12.73
2017-02-24,17.4,12.48
2017-02-27,17.27,11.7
2017-02-28,17.37,11.79
2017-03-01,17.44,11.93
2017-03-02,16.8,11.22
2017-03-03,16.98,11.38
2017-03-06,16.83,10.91
2017-03-07,16.55,10.86
2017-03-08,16.32,10.72
2017-03-09,16.06,10.58
2017-03-10,16.15,10.84
2017-03-13,16.07,11.09
2017-03-14,15.99,10.7
2017-03-15,16.43,11.59
2017-03-16,16.4,11.53
2017-03-17,16.47,11.35
2017-03-20,16.51,11.44
2017-03-21,16.61,11.56
2017-03-22,16.62,11.71
2017-03-23,16.67,11.57
2017-03-24,16.81,11.56
2017-03-27,17.15,11.77
2017-03-28,17.18,11.56
2017-03-29,17.25,11.57
2017-03-30,17.15,11.46
2017-03-31,17.25,11.64
2017-04-03,17.24,11.75
2017-04-04,17.33,11.94
2017-04-05,17.32,11.89
2017-04-06,17.26,11.89
2017-04-07,17.03,11.84
2017-04-10,17,11.91
2017-04-11,17.31,12.15
2017-04-12,17.46,12.23
2017-04-13,17.53,12.24
2017-04-17,17.43,12.16
2017-04-18,17.34,12.09
2017-04-19,17.18,11.6
2017-04-20,17.06,11.66
2017-04-21,17.02,11.6
2017-04-24,16.98,11.47
2017-04-25,16.68,11.1
2017-04-26,16.57,11.25
2017-04-27,16.37,11.01
2017-04-28,16.3,11.15
2017-05-01,15.99,10.97
2017-05-02,15.93,10.91
2017-05-03,15.59,10.92
2017-05-04,15.43,10.47
2017-05-05,15.5,10.76
2017-05-08,15.41,10.77
2017-05-09,15.3,10.72
2017-05-10,15.35,10.9
2017-05-11,15.45,11.22
2017-05-12,15.57,11.49
2017-05-15,15.75,11.49
2017-05-16,15.93,11.73
2017-05-17,16,11.83
2017-05-18,15.71,11.59
2017-05-19,15.94,11.66
2017-05-22,16.23,11.84
2017-05-23,16.15,11.43
2017-05-24,16.28,11.6
2017-05-25,16.23,11.45
2017-05-26,16.4,11.64
2017-05-30,16.47,11.43
2017-05-31,16.39,11.32
2017-06-01,16.38,11.32
2017-06-02,16.59,11.41
2017-06-05,16.63,11.38
2017-06-06,16.76,11.79
2017-06-07,16.65,11.8
2017-06-08,16.49,11.66
2017-06-09,16.28,11.51
2017-06-12,16.04,11.32
2017-06-13,15.95,11.47
2017-06-14,15.95,11.07
2017-06-15,15.88,10.91
2017-06-16,15.79,11.02
2017-06-19,15.61,10.86
2017-06-20,15.59,10.74
2017-06-21,15.54,10.84
2017-06-22,15.68,11.05
2017-06-23,15.79,11.31
2017-06-26,15.68,11.23
2017-06-27,15.79,11.2
2017-06-28,15.92,11.3
2017-06-29,15.73,11.04
2017-06-30,15.71,11.12
2017-07-03,15.3,10.79
2017-07-05,15.18,10.83
2017-07-06,15.15,10.54
2017-07-07,14.73,10.37
2017-07-10,14.83,10.6
2017-07-11,14.99,10.66
2017-07-12,15.05,10.76
2017-07-13,14.87,10.61
2017-07-14,15.08,10.8
2017-07-17,15.22,10.97
2017-07-18,15.38,11.04
2017-07-19,15.4,10.98
2017-07-20,15.42,11.14
2017-07-21,15.6,11.18
2017-07-24,15.58,10.96
2017-07-25,15.59,10.98
2017-07-26,15.75,11.33
2017-07-27,15.68,11.16
2017-07-28,15.81,11.26
2017-07-31,15.9,11.25
2017-08-01,15.79,11.17
2017-08-02,15.67,11.07
2017-08-03,15.72,10.92
2017-08-04,15.38,10.64
2017-08-07,15.33,10.55
2017-08-08,15.56,10.51
2017-08-09,15.98,10.71
2017-08-10,16.18,10.98
2017-08-11,16.17,10.86
2017-08-14,16.13,10.79
2017-08-15,15.74,10.57
2017-08-16,16.15,10.72
2017-08-17,16.12,10.74
2017-08-18,16.1,10.74
2017-08-21,16.07,10.82
2017-08-22,16.07,10.76
2017-08-23,16.15,10.83
2017-08-24,16.03,10.96
2017-08-25,16.11,10.99
2017-08-28,16.5,11.39
2017-08-29,16.42,11.39
2017-08-30,16.46,11.32
2017-08-31,16.65,11.55
2017-09-01,16.73,11.6
2017-09-05,16.91,11.87
2017-09-06,16.87,11.68
2017-09-07,17.1,11.98
2017-09-08,17.02,11.77
2017-09-11,16.77,11.6
2017-09-12,16.89,11.76
2017-09-13,16.76,11.44
2017-09-14,16.77,11.41
2017-09-15,16.62,11.27
2017-09-18,16.27,11.05
2017-09-19,16.36,11.16
2017-09-20,16.19,11
2017-09-21,16.03,10.89
2017-09-22,16.05,11.01
2017-09-25,16.21,11.19
2017-09-26,15.91,10.99
2017-09-27,15.83,10.84
2017-09-28,15.92,10.9
2017-09-29,15.74,10.83
2017-10-02,15.67,10.95
2017-10-03,15.71,10.96
2017-10-04,15.69,11.08
2017-10-05,15.69,11.02
2017-10-06,15.85,11.18
2017-10-09,16.02,11.26
2017-10-10,16.15,11.16
2017-10-11,16.25,11.23
2017-10-12,16.26,11.2
2017-10-13,16.41,11.2
2017-10-16,16.25,10.98
2017-10-17,16.09,10.94
2017-10-18,16.06,10.87
2017-10-19,16.27,11
2017-10-20,16.08,10.86
2017-10-23,16.14,10.86
2017-10-24,16.02,10.76
2017-10-25,16.01,10.68
2017-10-26,15.85,10.4
2017-10-27,15.91,10.5
2017-10-30,15.91,10.54
2017-10-31,15.79,10.44
2017-11-01,16.18,10.5
2017-11-02,16.17,10.45
2017-11-03,15.92,10.25
2017-11-06,16.27,10.53
2017-11-07,16.01,10.4
2017-11-08,16.06,10.43
2017-11-09,16.07,10.35
2017-11-10,15.95,10.08
2017-11-13,16.09,10.04
2017-11-14,16.08,9.97
2017-11-15,16.03,10.01
2017-11-16,16.12,10.07
2017-11-17,16.31,10.25
2017-11-20,15.98,10.09
2017-11-21,16.01,10.31
2017-11-22,16.17,10.45
2017-11-24,16.08,10.41
2017-11-27,16.1,10.35
2017-11-28,15.91,10.33
2017-11-29,15.64,10.19
2017-11-30,15.51,10.16
2017-12-01,15.53,10.24
2017-12-04,15.44,10.12
2017-12-05,15.23,9.97
2017-12-06,15.1,9.91
2017-12-07,14.87,9.77
2017-12-08,14.96,9.87
2017-12-11,14.85,10
2017-12-12,14.86,9.91
2017-12-13,15.15,10.39
2017-12-14,15.02,10.25
2017-12-15,15.15,10.33
2017-12-18,15.22,10.52
2017-12-19,15.22,10.41
2017-12-20,15.25,10.67
2017-12-21,15.22,10.69
2017-12-22,15.4,10.65
2017-12-26,15.59,10.83
2017-12-27,15.73,10.76
2017-12-28,15.88,10.72
2017-12-29,15.99,10.83
2018-01-02,16.21,11.14
2018-01-03,16.17,10.93
2018-01-04,16.23,10.99
2018-01-05,16.22,10.86
2018-01-08,16.15,10.81
2018-01-09,16.03,10.67
2018-01-10,16.02,10.72
2018-01-11,16.01,10.88
2018-01-12,16.27,11.07
2018-01-16,16.25,11.22
2018-01-17,16.06,11.15
2018-01-18,15.97,10.91
2018-01-19,16.05,11
2018-01-22,16.04,10.98
2018-01-23,16.08,11.05
2018-01-24,16.56,11.31
2018-01-25,16.31,11.01
2018-01-26,16.41,11.07
2018-01-29,16.21,10.77
2018-01-30,16.15,10.57
2018-01-31,16.35,10.69
2018-02-01,16.25,10.76
2018-02-02,15.66,10.3
2018-02-05,15.74,10.3
2018-02-06,15.65,10.14
2018-02-07,15.41,9.9
2018-02-08,15.46,9.79
2018-02-09,15.39,9.57
2018-02-12,15.57,9.98
2018-02-13,15.62,9.96
2018-02-14,15.91,10.42
2018-02-15,15.91,10.49
2018-02-16,15.73,10.32
2018-02-20,15.54,10.06
2018-02-21,15.54,10
2018-02-22,15.66,10.03
2018-02-23,15.59,10.08
2018-02-26,15.68,10.31
2018-02-27,15.48,9.98
2018-02-28,15.46,9.84
2018-03-01,15.54,9.9
2018-03-02,15.56,9.94
2018-03-05,15.49,9.91
2018-03-06,15.78,10.1
2018-03-07,15.53,9.96
2018-03-08,15.55,9.96
2018-03-09,15.63,10.07
2018-03-12,15.61,10.13
2018-03-13,15.61,10.2
2018-03-14,15.61,10.12
2018-03-15,15.45,9.95
2018-03-16,15.39,9.98
2018-03-19,15.39,9.9
2018-03-20,15.28,9.8
2018-03-21,15.65,10.14
2018-03-22,15.44,10.07
2018-03-23,15.58,10.22
2018-03-26,15.72,10.33
2018-03-27,15.57,10.22
2018-03-28,15.36,10
2018-03-29,15.41,10.22
2018-04-02,15.65,10.28
2018-04-03,15.46,10.19
2018-04-04,15.38,10.26
2018-04-05,15.45,10.32
2018-04-06,15.43,10.31
2018-04-09,15.56,10.36
2018-04-10,15.62,10.48
2018-04-11,15.69,10.6
2018-04-12,15.52,10.64
2018-04-13,15.68,10.77
2018-04-16,15.72,10.62
2018-04-17,15.8,10.77
2018-04-18,16.18,11.06
2018-04-19,16.26,10.99
2018-04-20,16.13,10.87
2018-04-23,15.67,10.59
2018-04-24,15.76,10.7
2018-04-25,15.61,10.67
2018-04-26,15.58,10.66
2018-04-27,15.57,10.64
2018-04-30,15.38,10.51
2018-05-01,15.24,10.53
2018-05-02,15.42,10.61
2018-05-03,15.46,10.58
2018-05-04,15.54,10.57
2018-05-07,15.52,10.54
2018-05-08,15.51,10.48
2018-05-09,15.53,10.52
2018-05-10,15.74,10.78
2018-05-11,15.7,10.77
2018-05-14,15.56,10.72
2018-05-15,15.33,10.5
2018-05-16,15.41,10.61
2018-05-17,15.47,10.54
2018-05-18,15.48,10.62
2018-05-21,15.54,10.63
2018-05-22,15.58,10.74
2018-05-23,15.5,10.73
2018-05-24,15.69,10.82
2018-05-25,15.53,10.67
2018-05-29,15.44,10.62
2018-05-30,15.55,10.68
2018-05-31,15.46,10.53
2018-06-01,15.44,10.66
2018-06-04,15.45,10.52
2018-06-05,15.52,10.6
2018-06-06,15.7,10.65
2018-06-07,15.72,10.61
2018-06-08,15.78,10.53
2018-06-11,15.94,10.58
2018-06-12,15.87,10.53
2018-06-13,16.08,10.56
2018-06-14,16.17,10.65
2018-06-15,15.6,10.43
2018-06-18,15.51,10.37
2018-06-19,15.36,10.12
2018-06-20,15.34,10.16
2018-06-21,15.36,10.16
2018-06-22,15.5,10.36
2018-06-25,15.37,10.2
2018-06-26,15.33,10.15
2018-06-27,15.12,10.08
2018-06-28,15.07,10.05
2018-06-29,15.15,10.1
2018-07-02,14.91,10.07
2018-07-03,15.03,10.29
2018-07-05,15.1,10.32
2018-07-06,15.08,10.37
2018-07-09,15.17,10.34
2018-07-10,15.12,10.28
2018-07-11,14.86,10.05
2018-07-12,15,10.05
2018-07-13,14.88,10.02
2018-07-16,14.85,9.99
2018-07-17,14.67,9.9
2018-07-18,14.63,9.83
2018-07-19,14.42,9.76
2018-07-20,14.59,9.77
2018-07-23,14.47,9.69
2018-07-24,14.58,9.82
2018-07-25,14.68,9.85
2018-07-26,14.49,9.7
2018-07-27,14.57,9.63
2018-07-30,14.58,9.55
2018-07-31,14.61,9.64
2018-08-01,14.48,9.57
2018-08-02,14.43,9.46
2018-08-03,14.5,9.56
2018-08-06,14.4,9.45
2018-08-07,14.43,9.32
2018-08-08,14.5,9.28
2018-08-09,14.52,9.39
2018-08-10,14.41,9.27
2018-08-13,14.1,9.02
2018-08-14,14.17,9.01
2018-08-15,13.57,8.42
2018-08-16,13.77,8.27
2018-08-17,13.92,8.5
2018-08-20,13.88,8.46
2018-08-21,13.89,8.53
2018-08-22,13.88,8.6
2018-08-23,13.65,8.32
2018-08-24,13.92,8.67
2018-08-27,13.99,8.75
2018-08-28,13.84,8.59
2018-08-29,13.87,8.61
2018-08-30,13.7,8.42
2018-08-31,13.65,8.4
2018-09-04,13.31,8.02
2018-09-05,13.35,8.06
2018-09-06,13.31,8.01
2018-09-07,13.32,8.02
2018-09-10,13.31,7.89
2018-09-11,13.28,7.81
2018-09-12,13.39,8.03
2018-09-13,13.35,7.98
2018-09-14,13.23,7.97
2018-09-17,13.31,8.13
2018-09-18,13.31,8.2
2018-09-19,13.4,8.34
2018-09-20,13.45,8.43
2018-09-21,13.44,8.39
2018-09-24,13.41,8.38
2018-09-25,13.59,8.4
2018-09-26,13.49,8.28
2018-09-27,13.41,8.2
2018-09-28,13.73,8.27
2018-10-01,13.62,8.17
2018-10-02,13.79,8.32
2018-10-03,13.78,8.26
2018-10-04,13.71,8.28
2018-10-05,13.75,8.26
2018-10-08,13.53,8.28
2018-10-09,13.53,8.21
2018-10-10,13.45,8.18
2018-10-11,13.67,8.59
2018-10-12,13.74,8.58
2018-10-15,13.8,8.65
2018-10-16,13.78,8.72
2018-10-17,13.74,8.7
2018-10-18,13.7,8.62
2018-10-19,13.74,8.6
2018-10-22,13.68,8.49
2018-10-23,13.83,8.54
2018-10-24,13.79,8.35
2018-10-25,13.74,8.06
2018-10-26,13.81,8.16
2018-10-29,13.59,8.02
2018-10-30,13.61,8
2018-10-31,13.41,7.97
2018-11-01,13.83,8.18
2018-11-02,13.86,8.16
2018-11-05,13.76,8.16
2018-11-06,13.65,8
2018-11-07,13.67,7.96
2018-11-08,13.56,7.88
2018-11-09,13.32,7.87
2018-11-12,13.17,7.53
2018-11-13,13.15,7.43
2018-11-14,13.28,7.55
2018-11-15,13.42,7.61
2018-11-16,13.53,7.85
2018-11-19,13.55,7.81
2018-11-20,13.45,7.73
2018-11-21,13.6,7.91
2018-11-23,13.42,7.55
2018-11-26,13.39,7.4
2018-11-27,13.29,7.32
2018-11-28,13.43,7.5
2018-11-29,13.43,7.51
2018-11-30,13.32,7.41
2018-12-03,13.49,7.61
2018-12-04,13.62,7.58
2018-12-06,13.6,7.55
2018-12-07,13.73,7.83
2018-12-10,13.65,7.72
2018-12-11,13.66,7.64
2018-12-12,13.82,7.85
2018-12-13,13.86,7.81
2018-12-14,13.7,7.96
2018-12-17,13.77,8.18
2018-12-18,13.75,8.32
2018-12-19,13.69,8.06
2018-12-20,13.85,8.31
2018-12-21,13.74,8.14
2018-12-24,13.87,8.18
2018-12-26,14.11,8.21
2018-12-27,14.3,8.28
2018-12-28,14.42,8.26
2018-12-31,14.52,8.34
2019-01-02,14.56,8.41
2019-01-03,14.75,8.69
2019-01-04,14.73,8.7
2019-01-07,14.67,8.68
2019-01-08,14.69,8.68
2019-01-09,14.78,8.82
2019-01-10,14.6,8.77
2019-01-11,14.64,8.72
2019-01-14,14.66,8.61
2019-01-15,14.6,8.35
2019-01-16,14.63,8.41
2019-01-17,14.57,8.31
2019-01-18,14.37,8.18
2019-01-22,14.39,8.2
2019-01-23,14.42,8.2
2019-01-24,14.36,8.29
2019-01-25,14.74,8.51
2019-01-28,14.79,8.53
2019-01-29,14.88,8.78
2019-01-30,15.05,8.95
2019-01-31,15.05,9.14
2019-02-01,14.92,9.1
2019-02-04,14.88,9.1
2019-02-05,14.87,9.1
2019-02-06,14.68,9.13
2019-02-07,14.77,9.04
2019-02-08,14.83,9.1
2019-02-11,14.72,9.02
2019-02-12,14.73,8.93
2019-02-13,14.59,8.94
2019-02-14,14.65,9
2019-02-15,14.82,9.09
2019-02-19,15.02,9.39
2019-02-20,15.07,9.54
2019-02-21,14.83,9.45
2019-02-22,14.95,9.61
2019-02-25,14.9,9.58
2019-02-26,14.94,9.4
2019-02-27,14.75,9.26
2019-02-28,14.63,9.21
2019-03-01,14.2,8.85
2019-03-04,14.15,8.83
2019-03-05,14.2,8.94
2019-03-06,14.15,8.69
2019-03-07,14.09,8.78
2019-03-08,14.41,8.98
2019-03-11,14.37,8.99
2019-03-12,14.48,9.09
2019-03-13,14.51,9.23
2019-03-14,14.24,9.08
2019-03-15,14.33,9.18
2019-03-18,14.39,9.07
2019-03-19,14.4,9.14
2019-03-20,14.54,9.25
2019-03-21,14.5,9.35
2019-03-22,14.45,9.41
2019-03-25,14.56,9.56
2019-03-26,14.47,9.56
2019-03-27,14.32,9.53
2019-03-28,14.07,9.25
2019-03-29,14.18,9.15
2019-04-01,14.15,8.93
2019-04-02,14.16,8.97
2019-04-03,14.2,8.96
2019-04-04,14.22,9.04
2019-04-05,14.17,9.09
2019-04-08,14.31,9.18
2019-04-09,14.28,9.15
2019-04-10,14.28,9.12
2019-04-11,14.02,8.86
2019-04-12,14.05,8.75
2019-04-15,14.06,8.85
2019-04-16,14.07,8.69
2019-04-17,14.05,8.51
2019-04-18,14.06,8.45
2019-04-22,14.08,8.32
2019-04-23,13.91,8.22
2019-04-24,14,8.28
2019-04-25,14,8.32
2019-04-26,14.1,8.53
2019-04-29,13.99,8.39
2019-04-30,14.02,8.46
2019-05-01,13.75,8.3
2019-05-02,13.71,8.1
2019-05-03,13.96,8.21
2019-05-06,13.98,8.14
2019-05-07,13.98,8.24
2019-05-08,13.89,8.12
2019-05-09,13.83,7.99
2019-05-10,13.84,7.95
2019-05-13,13.84,8.05
2019-05-14,13.86,7.96
2019-05-15,13.85,7.97
2019-05-16,13.65,7.8
2019-05-17,13.52,7.85
2019-05-20,13.55,7.81
2019-05-21,13.53,7.79
2019-05-22,13.54,7.68
2019-05-23,13.68,7.65
2019-05-24,13.65,7.64
2019-05-28,13.46,7.64
2019-05-29,13.52,7.65
2019-05-30,13.6,7.76
2019-05-31,13.65,8
2019-06-03,13.87,8.31
2019-06-04,13.89,8.28
2019-06-05,13.88,8.39
2019-06-06,13.92,8.39
2019-06-07,14.06,8.43
2019-06-10,13.78,8.27
2019-06-11,13.81,8.33
2019-06-12,13.84,8.46
2019-06-13,13.96,8.54
2019-06-14,13.91,8.5
2019-06-17,13.9,8.54
2019-06-18,14.05,8.62
2019-06-19,14.17,8.66
2019-06-20,14.45,9.12
2019-06-21,14.36,9.24
2019-06-24,14.46,9.49
2019-06-25,14.38,9.41
2019-06-26,14.32,9.34
2019-06-27,14.28,9.28
2019-06-28,14.33,9.28
2019-07-01,14.18,8.95
2019-07-02,14.29,9.27
2019-07-03,14.32,9.32
2019-07-05,14.06,9.22
2019-07-08,14.05,9.2
2019-07-09,14.14,9.17
2019-07-10,14.26,9.34
2019-07-11,14.17,9.25
2019-07-12,14.26,9.37
2019-07-15,14.42,9.45
2019-07-16,14.54,9.65
2019-07-17,14.94,10.14
2019-07-18,15.29,10.46
2019-07-19,15.17,10.21
2019-07-22,15.35,10.38
2019-07-23,15.34,10.3
2019-07-24,15.52,10.52
2019-07-25,15.36,10.21
2019-07-26,15.31,10.17
2019-07-29,15.4,10.26
2019-07-30,15.5,10.22
2019-07-31,15.21,9.67
2019-08-01,15.34,10.03
2019-08-02,15.19,9.89
2019-08-05,15.33,10.11
2019-08-06,15.38,10.04
2019-08-07,15.97,10.27
2019-08-08,15.89,10.41
2019-08-09,15.89,10.42
2019-08-12,15.98,10.4
2019-08-13,15.87,10.07
2019-08-14,16.08,9.89
2019-08-15,16.13,9.98
2019-08-16,16.02,9.82
2019-08-19,15.79,9.72
2019-08-20,16.05,10.02
2019-08-21,16.05,10.13
2019-08-22,15.97,10.06
2019-08-23,16.35,10.53
2019-08-26,16.52,10.5
2019-08-27,17.03,10.98
2019-08-28,17.17,11.04
2019-08-29,17.07,10.75
2019-08-30,17.15,10.86
2019-09-03,17.89,11.18
2019-09-04,18.34,11.35
2019-09-05,17.41,10.84
2019-09-06,16.87,10.5
2019-09-09,16.83,10.21
2019-09-10,16.85,10.24
2019-09-11,16.95,10.32
2019-09-12,16.92,10.22
2019-09-13,16.31,9.92
2019-09-16,16.74,10.06
2019-09-17,16.86,10.22
2019-09-18,16.55,10.14
2019-09-19,16.62,10.13
2019-09-20,16.8,10.34
2019-09-23,17.51,10.69
2019-09-24,17.44,10.79
2019-09-25,16.71,10.4
2019-09-26,16.67,10.21
2019-09-27,16.36,10.06
2019-09-30,15.92,9.67
2019-10-01,16.15,9.66
2019-10-02,16.43,9.72
2019-10-03,16.43,9.73
2019-10-04,16.41,9.86
2019-10-07,16.3,9.8
2019-10-08,16.61,10.02
2019-10-09,16.6,9.82
2019-10-10,16.37,9.81
2019-10-11,16.37,9.5
2019-10-14,16.49,9.52
2019-10-15,16.27,9.22
2019-10-16,16.26,9.35
2019-10-17,16.4,9.64
2019-10-18,16.41,9.66
2019-10-21,16.41,9.54
2019-10-22,16.37,9.5
2019-10-23,16.39,9.56
2019-10-24,16.65,9.78
2019-10-25,16.89,9.95
2019-10-28,16.68,9.79
2019-10-29,16.65,9.83
2019-10-30,16.73,9.98
2019-10-31,16.92,10.22
2019-11-01,16.92,10.36
2019-11-04,16.85,10.19
2019-11-05,16.44,10.06
2019-11-06,16.47,10.12
2019-11-07,16,9.84
2019-11-08,15.7,9.88
2019-11-11,15.75,9.91
2019-11-12,15.72,9.94
2019-11-13,15.83,10.04
2019-11-14,15.9,10.05
2019-11-15,15.85,10.01
2019-11-18,15.92,10.19
2019-11-19,16.02,10.14
2019-11-20,16.04,10.21
2019-11-21,15.99,9.98
2019-11-22,15.9,9.95
2019-11-25,15.78,9.81
2019-11-26,15.99,10.06
2019-11-27,15.84,9.93
2019-11-29,15.92,10.15
2019-12-02,15.8,10.21
2019-12-03,16.05,10.49
2019-12-04,15.76,10.48
2019-12-05,15.85,10.58
2019-12-06,15.48,10.26
2019-12-09,15.5,10.2
2019-12-10,15.57,10.3
2019-12-11,15.75,10.45
2019-12-12,15.85,10.46
2019-12-13,15.84,10.63
2019-12-16,15.91,10.35
2019-12-17,15.88,10.33
2019-12-18,15.9,10.34
2019-12-19,15.94,10.31
2019-12-20,16.04,10.2
2019-12-23,16.28,10.58
2019-12-24,16.58,10.96
2019-12-26,16.73,11.15
2019-12-27,16.58,11.02
2019-12-30,16.74,11.25
2019-12-31,16.68,11.23
2020-01-02,16.81,11.15
2020-01-03,16.84,11.06
2020-01-06,16.94,11.02
2020-01-07,17.17,11.12
2020-01-08,16.93,10.62
2020-01-09,16.72,10.49
2020-01-10,16.89,10.58
2020-01-13,16.78,10.4
2020-01-14,16.62,10.5
2020-01-15,16.81,10.71
2020-01-16,16.77,10.62
2020-01-17,16.82,10.42
2020-01-21,16.64,10.57
2020-01-22,16.66,10.61
2020-01-23,16.61,10.59
2020-01-24,16.91,10.72
2020-01-27,16.89,10.58
2020-01-28,16.32,10.29
2020-01-29,16.41,10.48
2020-01-30,16.68,10.5
2020-01-31,16.82,10.56
2020-02-03,16.5,10.35
2020-02-04,16.45,10.16
2020-02-05,16.46,10.22
2020-02-06,16.63,10.39
2020-02-07,16.54,10.13
2020-02-10,16.61,10.19
2020-02-11,16.48,10.22
2020-02-12,16.33,10.13
2020-02-13,16.46,10.17
2020-02-14,16.56,10.21
2020-02-18,17.01,10.66
2020-02-19,17.23,10.86
2020-02-20,17.14,10.86
2020-02-21,17.28,11.27
2020-02-24,17.4,11.28
2020-02-25,16.71,10.96
2020-02-26,16.68,10.9
2020-02-27,16.47,10.17
2020-02-28,15.53,9.24
2020-03-02,15.56,9.64
2020-03-03,16.02,10
2020-03-04,16.09,10.03
2020-03-05,16.3,10.15
2020-03-06,16.18,9.99
2020-03-09,15.88,9.16
2020-03-10,15.73,9.34
2020-03-11,15.63,8.57
2020-03-12,14.62,7.56
2020-03-13,13.69,6
2020-03-16,12,6.98
2020-03-17,11.88,8.04
2020-03-18,11.21,6.99
2020-03-19,11.32,7
2020-03-20,11.62,6.85
2020-03-23,12.31,7.22
2020-03-24,13.29,8.24
2020-03-25,13.51,8.59
2020-03-26,13.53,8.63
2020-03-27,13.44,7.91
2020-03-30,13.16,7.81
2020-03-31,13.05,7.63
2020-04-01,13.02,7.64
2020-04-02,13.53,7.9
2020-04-03,13.46,7.75
2020-04-06,14.03,8.19
2020-04-07,13.99,8.24
2020-04-08,13.94,8.31
2020-04-09,14.34,9.1
2020-04-13,14.4,9.74
2020-04-14,14.65,9.81
2020-04-15,14.49,9.62
2020-04-16,14.51,9.81
2020-04-17,14.15,9.53
2020-04-20,14.26,9.86
2020-04-21,13.88,9.82
2020-04-22,14.09,10.28
2020-04-23,14.21,10.65
2020-04-24,14.21,10.78
2020-04-27,14.21,10.89
2020-04-28,14.1,10.95
2020-04-29,14.28,11.2
2020-04-30,13.98,10.71
2020-05-01,13.92,10.88
2020-05-02,13.92,10.88
2020-05-03,13.92,10.88
2020-05-04,13.77,11.14
2020-05-05,13.93,11.11
2020-05-06,13.92,10.84
2020-05-07,14.26,11.23
2020-05-08,14.44,11.4
2020-05-11,14.44,11.06
2020-05-12,14.42,11
2020-05-13,14.55,10.93
2020-05-14,14.81,11.3
2020-05-15,15.51,12.15
2020-05-18,15.79,12.27
2020-05-19,16.17,12.79
2020-05-20,16.36,12.97
2020-05-21,15.96,12.56
2020-05-22,16.04,12.54
2020-05-26,15.97,11.95
2020-05-27,16.15,12.01
2020-05-28,16.19,12.13
2020-05-29,16.66,12.61
2020-06-01,17.1,13.15
2020-06-02,16.84,12.49
2020-06-03,16.48,12.07
2020-06-04,16.54,12.27
2020-06-05,16.2,12
2020-06-07,16.2,12
2020-06-08,16.59,12.22
2020-06-09,16.42,12.28
2020-06-10,16.96,12.87
2020-06-11,16.44,11.9
2020-06-12,16.28,11.94
2020-06-15,16.23,12.16
2020-06-16,16.26,11.81
2020-06-17,16.33,11.78
2020-06-18,16.21,11.59
2020-06-19,16.49,11.96
2020-06-22,16.5,12.56
2020-06-23,16.76,12.83
2020-06-24,16.28,12.45
2020-06-25,16.59,12.57
2020-06-26,16.63,12.66
2020-06-29,16.65,12.83
2020-06-30,17.01,13.39
2020-07-01,16.82,13.34
2020-07-02,16.71,13.1
2020-07-04,16.71,13.1
2020-07-05,16.71,13.1
2020-07-06,17.05,13.32
2020-07-07,17.01,13.76
2020-07-08,17.49,14.48
2020-07-09,17.38,14.48
2020-07-10,17.43,14.47
2020-07-11,17.43,14.47
2020-07-12,17.43,14.47
2020-07-13,17.73,13.99
2020-07-14,17.97,14.56
2020-07-15,18.17,14.85
2020-07-16,17.78,14.53
2020-07-17,18.01,15.17
2020-07-20,18.53,15.89
2020-07-21,19.67,16.22
2020-07-22,21.44,16.9
2020-07-23,21.03,16.31
2020-07-24,21.21,16.91
2020-07-25,21.21,16.91
2020-07-26,21.21,16.91
2020-07-27,22.83,17.83
2020-07-28,22.77,17.61
2020-07-29,22.57,17.44
2020-07-30,21.76,16.7
2020-07-31,22.65,17.3
2020-08-02,22.65,17.3
2020-08-03,22.74,17.2
2020-08-04,24.25,17.96
2020-08-05,25.05,18.31
2020-08-06,26.88,18.12
2020-08-07,26.19,17.35
2020-08-08,26.19,17.35
2020-08-09,26.19,17.35
2020-08-10,27,17.28
2020-08-11,23.33,15.63
2020-08-12,23.42,15.78
2020-08-13,25.45,16.52
2020-08-14,24.58,16.35
2020-08-17,25.62,17.18
2020-08-18,25.88,17.04
2020-08-19,24.88,16.45
2020-08-20,25.61,16.67
2020-08-21,24.9,16.17
2020-08-22,24.9,16.17
2020-08-23,24.9,16.17
2020-08-24,24.6,15.98
2020-08-25,24.76,15.95
2020-08-26,25.57,16.5
2020-08-27,25.16,16.31
2020-08-28,25.61,17.03
2020-08-30,25.61,17.03
2020-08-31,26.23,17.31
2020-09-01,26.14,17.15
2020-09-02,25.55,16.89
2020-09-03,24.74,16.7
2020-09-04,25.06,16.61
2020-09-08,24.75,16.3
2020-09-09,25.18,16.95
2020-09-10,24.86,16.77
2020-09-11,24.9,16.54
2020-09-13,24.9,16.54
2020-09-14,25.29,17.29
2020-09-15,25.23,17.27
2020-09-16,25.23,17.37
2020-09-17,25.23,17.22
2020-09-18,24.93,17.02
2020-09-21,23.03,16.01
2020-09-22,22.79,16.04
2020-09-23,21.17,14.67
2020-09-24,21.56,15.24
2020-09-25,21.3,15.19
2020-09-26,21.3,15.19
2020-09-27,21.3,15.19
2020-09-28,22.02,15.35
2020-09-29,22.5,15.68
2020-09-30,21.64,15.58
2020-10-01,22.09,16.03
2020-10-02,22.13,15.76
2020-10-03,22.13,15.76
2020-10-04,22.13,15.76
2020-10-05,22.62,16.21
2020-10-06,21.73,15.6
2020-10-07,22.09,15.67
2020-10-08,22.18,16.01
2020-10-09,23.41,16.96
2020-10-12,23.33,17.03
2020-10-13,22.49,16.79
2020-10-14,22.54,17.15
2020-10-15,22.59,16.96
2020-10-16,22.42,16.67
2020-10-19,22.58,16.37
2020-10-20,23.02,16.57
2020-10-21,23.29,17
2020-10-22,22.96,16.67
2020-10-23,22.94,16.61
2020-10-26,22.61,16.25
2020-10-27,22.73,16.59
2020-10-28,21.78,15.28
2020-10-29,21.71,15.39
2020-10-30,21.99,15.65
2020-11-02,22.41,16.08
2020-11-03,22.44,16.53
2020-11-04,22.24,16.01
2020-11-05,23.61,17.68
2020-11-06,23.79,17.96
2020-11-09,22.5,16.64
2020-11-10,22.43,16.32
2020-11-11,22.52,16.06
2020-11-12,22.55,16.32
2020-11-13,22.9,16.37
2020-11-16,23.02,16.44
2020-11-17,22.74,16.04
2020-11-18,22.55,15.47
2020-11-19,22.42,15.34
2020-11-20,22.49,15.52
2020-11-23,21.93,14.84
2020-11-24,21.63,14.55
2020-11-25,21.72,14.78
2020-11-27,21.05,14.81
2020-11-30,21.05,14.86
2020-12-01,22.3,15.75
2020-12-02,22.33,15.85
2020-12-03,22.43,15.79
2020-12-04,22.48,15.63
2020-12-07,22.82,16.14
2020-12-08,22.82,16.04
2020-12-09,22.23,15.52
2020-12-10,22.32,15.66
2020-12-11,22.26,15.5
2020-12-14,22.16,14.78
2020-12-15,22.8,15.43
2020-12-16,23.62,16.09
2020-12-17,24.15,17
2020-12-18,23.96,16.55
2020-12-21,24.38,16.86
2020-12-22,23.43,16.14
2020-12-23,23.8,16.4
2020-12-24,23.96,16.62
2020-12-28,24.43,16.72
2020-12-29,24.39,16.63
2020-12-30,24.76,17.32
2020-12-31,24.57,17.1
2021-01-04,25.35,18.38
2021-01-05,25.67,18.5
2021-01-06,25.34,18.55
2021-01-07,25.26,18.44
2021-01-08,23.51,17.22
2021-01-11,23.21,16.82
2021-01-12,23.72,16.87
2021-01-13,23.44,16.37
2021-01-14,23.71,16.35
2021-01-15,22.95,15.47
2021-01-19,23.38,15.53
2021-01-20,24.01,16.22
2021-01-21,24.15,16.05
2021-01-22,23.66,15.78
2021-01-25,23.55,15.55
2021-01-26,23.65,15.56
2021-01-27,23.42,14.69
2021-01-28,24.72,15.92
2021-01-29,24.99,16.28
2021-02-01,26.76,18.28
2021-02-02,24.54,16.29
2021-02-03,24.93,16.16
2021-02-04,24.48,15.96
2021-02-05,24.95,16.39
2021-02-08,25.39,16.78
2021-02-09,25.28,16.75
2021-02-10,25.07,16.55
2021-02-11,25.09,16.3
2021-02-12,25.31,16.44
2021-02-16,25.26,16.31
2021-02-17,25.4,16.05
2021-02-18,25.06,15.75
2021-02-19,25.26,15.94
2021-02-22,26.27,17.03
2021-02-23,25.71,16.86
2021-02-24,25.94,17.39
2021-02-25,25.4,16.56
2021-02-26,24.66,15.78
2021-03-01,24.6,15.28
2021-03-02,24.8,15.68
2021-03-03,24.28,15.13
2021-03-04,23.56,14.76
2021-03-05,23.36,14.88
2021-03-08,23.32,14.61
2021-03-09,24.05,15.16
2021-03-10,24.32,15.31
2021-03-11,24.25,15.59
2021-03-12,24.03,15.66
2021-03-15,24.33,16.12
2021-03-16,24.1,15.97
2021-03-17,24.42,16.43
2021-03-18,24.1,16.02
2021-03-19,24.31,16.06
2021-03-22,23.94,15.85
2021-03-23,23.22,15.05
2021-03-24,23.24,14.87
2021-03-25,23.29,14.84
2021-03-26,23.23,15.03
2021-03-29,22.91,14.81
2021-03-30,22.26,14.36
2021-03-31,22.7,14.76
2021-04-01,23.15,15.35
2021-04-05,23.09,15.31
2021-04-06,23.34,15.79
2021-04-07,23.33,15.52
2021-04-08,23.62,16.16
2021-04-09,23.41,15.98
2021-04-12,23.04,15.59
2021-04-13,23.51,15.98
2021-04-14,23.59,15.66
2021-04-15,24.03,16.45
2021-04-16,24.09,16.35
2021-04-19,23.98,16.17
2021-04-20,23.96,16.15
2021-04-21,24.7,16.77
2021-04-22,24.21,16.35
2021-04-23,24.14,16.3
2021-04-26,24.3,16.08
2021-04-27,24.39,15.81
2021-04-28,24.4,16.05
2021-04-29,24.25,15.59
2021-04-30,24.01,15.2
2021-05-03,24.96,16.08
2021-05-04,24.57,15.77
2021-05-05,24.57,15.82
2021-05-06,25.37,16.66
2021-05-07,25.47,16.8
2021-05-10,25.35,16.65
2021-05-11,25.67,16.9
2021-05-12,25.09,16.35
2021-05-13,25.16,15.86
2021-05-14,25.46,16.41
2021-05-17,26.19,17.62
2021-05-18,26.15,17.68
2021-05-19,25.73,17.36
2021-05-20,25.79,17.52
2021-05-21,25.53,17.55
2021-05-24,25.75,17.75
2021-05-25,25.99,17.78
2021-05-26,25.67,17.79
2021-05-27,25.85,17.9
2021-05-28,25.9,17.99
2021-06-01,25.84,18.2
2021-06-02,26.15,18.21
2021-06-03,25.46,17.46
2021-06-04,25.78,17.69
2021-06-07,25.9,17.72
2021-06-08,25.61,17.46
2021-06-09,25.78,17.42
2021-06-10,25.97,17.82
2021-06-11,25.87,17.57
2021-06-14,25.84,17.62
2021-06-15,25.65,17.21
2021-06-16,25.26,17.09
2021-06-17,24.05,16.05
2021-06-18,23.88,15.65
2021-06-21,24.08,15.73
2021-06-22,23.85,15.7
2021-06-23,23.93,15.62
2021-06-24,24.04,15.62
2021-06-25,24.18,15.48
2021-06-28,24.21,15.27
2021-06-29,23.89,15.09
2021-06-30,24.22,15.36
2021-07-01,24.11,15.33
2021-07-02,24.55,15.5
2021-07-03,24.55,15.5
2021-07-04,24.55,15.5
2021-07-05,24.55,15.5
2021-07-06,24.23,15.35
2021-07-07,24.24,15.26
2021-07-08,24.01,14.79
2021-07-09,24.19,15.18
2021-07-12,24.28,14.83
2021-07-13,24.08,14.99
2021-07-14,24.33,15.03
2021-07-15,24.38,15.04
2021-07-16,23.77,14.41
2021-07-19,23.29,13.89
2021-07-20,23.14,13.84
2021-07-21,23.42,14.27
2021-07-22,23.56,14.17
2021-07-23,23.35,14.07
2021-07-26,23.36,14.27
2021-07-27,22.96,14.19
2021-07-28,23.17,14.55
2021-07-29,23.72,14.89
2021-07-30,23.63,14.77
2021-08-02,23.53,14.61
2021-08-03,23.68,14.71
2021-08-04,23.54,14.48
2021-08-05,23.3,14.46
2021-08-06,22.52,14.15
2021-08-07,22.52,14.15
2021-08-08,22.52,14.15
2021-08-09,21.75,13.57
2021-08-10,21.62,13.42
2021-08-11,21.84,13.91
2021-08-12,21.5,13.55
2021-08-13,21.97,13.84
2021-08-16,22.1,13.7
2021-08-17,21.9,13.37
2021-08-18,21.76,13.12
2021-08-19,21.51,12.79
2021-08-20,21.35,12.76
2021-08-23,21.88,13.45
2021-08-24,22.08,13.55
2021-08-25,22.09,13.36
2021-08-26,21.85,13.26
2021-08-27,22.33,13.9
2021-08-30,22.26,13.73
2021-08-31,22.14,13.93
2021-09-01,22.37,13.8
2021-09-02,22.14,13.85
2021-09-03,22.88,14.35
2021-09-07,22.51,13.8
2021-09-08,22.17,13.78
2021-09-09,22.27,13.63
2021-09-10,21.99,13.42
2021-09-13,21.99,13.83
2021-09-14,22.1,13.83
2021-09-15,22.07,13.81
2021-09-16,21.25,13.16
2021-09-17,20.74,13.08
2021-09-20,20.59,12.88
2021-09-21,20.84,12.87
2021-09-22,20.99,12.91
2021-09-23,20.91,12.68
2021-09-24,20.71,12.59
2021-09-27,20.94,12.6
2021-09-28,20.78,12.55
2021-09-29,19.95,12.07
2021-09-30,20.52,12.33
2021-10-01,20.83,12.32
2021-10-04,20.98,12.3
2021-10-05,20.92,12.3
2021-10-06,20.96,12.49
2021-10-07,20.9,12.62
2021-10-08,20.95,12.68
2021-10-11,20.88,12.69
2021-10-12,20.93,12.88
2021-10-13,21.33,13.4
2021-10-14,21.8,13.72
2021-10-15,21.58,13.6
2021-10-18,21.49,13.36
2021-10-19,21.89,13.62
2021-10-20,22.53,13.9
2021-10-21,22.35,13.87
2021-10-22,22.54,14.04
2021-10-25,22.74,14.37
2021-10-26,22.37,14.34
2021-10-27,22.29,14.31
2021-10-28,22.27,14.1
2021-10-29,22.09,13.69
2021-11-01,22.23,13.86
2021-11-02,21.8,13.76
2021-11-03,21.81,14
2021-11-04,22,13.8
2021-11-05,22.35,14.27
2021-11-08,22.65,14.42
2021-11-09,22.53,14.54
2021-11-10,22.87,14.69
2021-11-11,23.35,15.1
2021-11-12,23.42,15.06
2021-11-15,23.24,15.01
2021-11-16,22.96,14.76
2021-11-17,23.17,14.81
2021-11-18,22.96,14.6
2021-11-19,22.75,14.28
2021-11-22,22.34,13.94
2021-11-23,21.92,13.68
2021-11-24,21.79,13.71
2021-11-26,21.37,13.36
2021-11-29,21.16,13.32
2021-11-30,21.06,13.33
2021-12-01,20.57,12.69
2021-12-02,20.69,12.56
2021-12-03,20.85,12.52
2021-12-06,20.71,12.69
2021-12-07,20.81,12.97
2021-12-08,20.76,13.03
2021-12-09,20.3,12.5
2021-12-10,20.5,12.38
2021-12-13,20.61,12.29
2021-12-14,20.31,11.97
2021-12-15,20.41,11.8
2021-12-16,20.79,12.45
2021-12-17,20.68,12.51
2021-12-20,20.57,12.53
2021-12-21,20.77,12.7
2021-12-22,21.1,12.9
2021-12-23,21.16,12.99
2021-12-27,21.33,12.97
2021-12-28,21.27,12.9
2021-12-29,21.11,12.62
2021-12-30,21.34,12.83
2021-12-31,21.51,12.9
2022-01-03,21.18,12.71
2022-01-04,21.32,12.7
2022-01-05,21,12.37
2022-01-06,20.51,11.96
2022-01-07,20.62,12
2022-01-10,20.76,12.21
2022-01-11,21.05,12.54
2022-01-12,21.45,12.8
2022-01-13,21.33,12.66
2022-01-14,21.2,12.44
2022-01-18,21.69,12.38
2022-01-19,22.37,13.42
2022-01-20,22.62,13.17
2022-01-21,22.38,12.69
2022-01-24,22.11,12.35
2022-01-25,22.02,12.56
2022-01-26,21.72,11.92
2022-01-27,21.02,11.45
2022-01-28,20.71,11.36
2022-01-31,20.8,11.78
2022-02-01,20.94,11.97
2022-02-02,20.93,11.81
2022-02-03,20.71,11.54
2022-02-04,20.79,11.61
2022-02-07,21.27,12.16
2022-02-08,21.45,12.34
2022-02-09,21.53,12.3
2022-02-10,21.42,12.01
2022-02-11,21.83,12.68
2022-02-14,22.05,12.89
2022-02-15,21.61,12.84
2022-02-16,21.87,13.07
2022-02-17,22.04,13.27
2022-02-18,22.12,12.89
2022-02-22,22.31,12.83
2022-02-23,22.73,13.28
2022-02-24,22.31,12.87
2022-02-25,22.4,12.99
2022-02-28,22.62,13.02
2022-03-01,23.54,13.88
2022-03-02,23.37,13.88
2022-03-03,23.29,13.92
2022-03-04,23.64,14.34
2022-03-07,23.7,14.63
2022-03-08,24.45,14.78
2022-03-09,23.8,14.62
2022-03-10,24.01,14.91
2022-03-11,23.87,14.7
2022-03-14,23.16,13.94
2022-03-15,23,14.1
2022-03-16,23.11,14.17
2022-03-17,23.33,14.52
2022-03-18,23.02,14.4
2022-03-21,23.28,14.68
2022-03-22,22.88,14.49
2022-03-23,23.24,14.66
2022-03-24,23.61,14.76
2022-03-25,23.48,14.74
2022-03-28,22.93,14.13
2022-03-29,22.91,14.21
2022-03-30,22.94,14.3
2022-03-31,22.88,14.22
2022-04-01,22.74,14.66
2022-04-04,22.63,14.61
2022-04-05,22.36,14.14
2022-04-06,22.57,14.05
2022-04-07,22.7,14.27
2022-04-08,22.82,14.65
2022-04-11,23.15,14.69
2022-04-12,23.47,14.92
2022-04-13,23.75,15.34
2022-04-14,23.64,15.34
2022-04-18,23.87,15.23
2022-04-19,23.24,14.73
2022-04-20,23.28,14.86
2022-04-21,22.79,14.04
2022-04-22,22.31,13.42
2022-04-25,21.83,12.93
2022-04-26,21.65,12.44
2022-04-27,21.49,12.26
2022-04-28,21.42,12.59
2022-04-29,21.04,12.43
2022-05-02,20.87,12.28
2022-05-03,20.83,12.49
2022-05-04,21.28,12.84
2022-05-05,20.78,12.25
2022-05-06,20.66,12.06
2022-05-09,20.03,11.17
2022-05-10,19.55,10.92
2022-05-11,19.87,10.88
2022-05-12,19.12,10.38
2022-05-13,19.42,10.87
2022-05-16,19.93,10.97
2022-05-17,19.92,11.17
2022-05-18,19.73,10.8
2022-05-19,20.27,11.43
2022-05-20,20.07,11.41
2022-05-23,20.1,11.45
2022-05-24,20.39,11.58
2022-05-25,20.34,11.56
2022-05-26,20.31,11.63
2022-05-27,20.36,11.66
2022-05-31,19.84,11.32
2022-06-01,20.13,11.39
2022-06-02,20.59,12.21
2022-06-03,20.23,11.94
2022-06-06,20.37,11.77
2022-06-07,20.52,11.77
2022-06-08,20.35,11.72
2022-06-09,19.97,11.19
2022-06-10,20.19,11.79
2022-06-13,19.5,10.82
2022-06-14,19.37,10.53
2022-06-15,19.96,10.79
2022-06-16,20.24,10.97
2022-06-17,19.98,10.77
2022-06-21,19.98,10.97
2022-06-22,19.76,10.76
2022-06-23,19.37,10.37
2022-06-24,19.51,10.67
2022-06-27,19.49,10.79
2022-06-28,19.19,10.45
2022-06-29,19.14,10.24
2022-06-30,18.64,9.87
2022-07-01,18.31,10.08
2022-07-05,17.73,9.48
2022-07-06,17.69,9.36
2022-07-07,17.75,9.56
2022-07-08,17.79,9.45
2022-07-11,17.58,9.31
2022-07-12,17.44,9.16
2022-07-13,17.69,9.43
2022-07-14,17,9.1
2022-07-15,17.19,9.13
2022-07-18,17.22,9.29
2022-07-19,17.29,9.39
2022-07-20,17.19,9.14
2022-07-21,17.4,9.28
2022-07-22,17.14,9.21
2022-07-25,16.98,9.02
2022-07-26,17.16,9.14
2022-07-27,17.6,9.48
2022-07-28,18.43,9.91
2022-07-29,18.7,10.07
2022-08-01,18.79,10.07
2022-08-02,18.41,9.93
2022-08-03,18.49,9.72
2022-08-04,18.64,10.21
2022-08-05,18.33,10.1
2022-08-08,19.03,10.32
2022-08-09,18.93,10.24
2022-08-10,18.95,10.35
2022-08-11,18.67,9.85
2022-08-12,19.17,10.13
2022-08-15,18.68,9.94
2022-08-16,18.57,9.92
2022-08-17,18.25,9.4
2022-08-18,18.04,9.42
2022-08-19,17.55,9.14
2022-08-22,17.5,9.06
2022-08-23,17.62,9.28
2022-08-24,17.63,9.46
2022-08-25,17.73,9.52
2022-08-26,17.36,9.08
2022-08-29,17.29,8.97
2022-08-30,16.96,8.7
2022-08-31,16.58,8.63
2022-09-01,16.38,8.28
2022-09-02,16.57,8.57
2022-09-06,16.54,8.45
2022-09-07,17,8.8
2022-09-08,17.03,8.85
2022-09-09,17.32,9.17
2022-09-12,18.17,9.51
2022-09-13,17.83,9.11
2022-09-14,18,9.11
2022-09-15,17.63,8.87
2022-09-16,17.99,8.97
2022-09-19,17.99,9.14
2022-09-20,17.73,8.88
2022-09-21,18.06,8.93
2022-09-22,18.09,8.79
2022-09-23,17.36,8.24
2022-09-26,16.92,8
2022-09-27,16.9,7.98
2022-09-28,17.45,8.6
2022-09-29,17.37,8.69
2022-09-30,17.5,8.93
2022-10-03,19.1,9.56
2022-10-04,19.36,9.86
2022-10-05,18.99,9.72
2022-10-06,19.04,9.96
2022-10-07,18.5,9.41
2022-10-10,18.09,9.3
2022-10-11,17.68,9.22
2022-10-12,17.59,9.41
2022-10-13,17.39,9.29
2022-10-14,16.81,8.79
2022-10-17,17.12,9.03
2022-10-18,17.23,9.1
2022-10-19,17.01,8.77
2022-10-20,17.17,8.94
2022-10-21,17.76,9.4
2022-10-24,17.68,9.28
2022-10-25,17.86,9.43
2022-10-26,17.98,9.71
2022-10-27,17.98,9.49
2022-10-28,17.74,9.42
2022-10-31,17.62,9.34
2022-11-01,18.05,9.55
2022-11-02,17.73,9
2022-11-03,17.94,8.94
2022-11-04,19.26,9.64
2022-11-07,19.15,9.74
2022-11-08,19.7,10.06
2022-11-09,19.36,9.59
2022-11-10,19.97,10.34
2022-11-11,19.95,10.49
2022-11-14,20.24,10.5
2022-11-15,19.88,10.23
2022-11-16,19.74,10.16
2022-11-17,19.29,9.98
2022-11-18,19.25,10.07
2022-11-21,19.2,10.06
2022-11-22,19.43,10.48
2022-11-23,19.81,10.63
2022-11-25,19.72,10.49
2022-11-28,19.26,9.96
2022-11-29,19.56,10.19
2022-11-30,20.43,10.63
2022-12-01,20.98,11.09
2022-12-02,21.29,11.1
2022-12-05,20.44,10.64
2022-12-06,20.44,10.52
2022-12-07,20.92,10.95
2022-12-08,21.21,10.87
2022-12-09,21.56,10.74
2022-12-12,21.46,10.68
2022-12-13,21.83,10.93
2022-12-14,21.99,10.8
2022-12-15,21.24,10.35
2022-12-16,21.37,10.56
2022-12-19,21.12,10.17
2022-12-20,22.23,10.72
2022-12-21,22.07,10.77
2022-12-22,21.69,10.69
2022-12-23,21.85,10.83
2022-12-27,22.11,11.07
2022-12-28,21.6,10.72
2022-12-29,21.97,10.71
2022-12-30,22.02,10.51
2023-01-03,22.05,10.86
2023-01-04,21.89,11.34
2023-01-05,21.39,11.13
2023-01-06,21.92,11.44
2023-01-09,21.74,11.37
2023-01-10,21.73,11.6
2023-01-11,21.55,11.47
2023-01-12,21.88,11.63
2023-01-13,22.33,11.78
2023-01-17,22.01,11.49
2023-01-18,21.57,11.16
2023-01-19,21.96,11.47
2023-01-20,22.02,11.63
2023-01-23,21.58,11.62
2023-01-24,21.76,11.71
2023-01-25,21.97,11.97
2023-01-26,21.99,11.77
2023-01-27,21.68,11.5
2023-01-30,21.66,11.31
2023-01-31,21.83,11.35
2023-02-01,22.08,11.6
2023-02-02,21.57,11.42
2023-02-03,20.57,10.86
2023-02-06,20.48,10.72
2023-02-07,20.38,10.73
2023-02-08,20.48,10.63
2023-02-09,20.18,10.42
2023-02-10,20.24,10.39
2023-02-13,20.2,10.31
2023-02-14,20.12,10.37
2023-02-15,19.89,10.04
2023-02-16,19.84,10.1
2023-02-17,20.01,10.11
2023-02-21,20.07,9.91
2023-02-22,19.75,9.8
2023-02-23,19.63,9.71
2023-02-24,19.09,9.46
2023-02-27,18.93,9.55
2023-02-28,19.22,9.62
2023-03-01,19.29,9.92
2023-03-02,19.24,9.85
2023-03-03,19.55,10.15
2023-03-06,19.32,10
2023-03-07,18.45,9.55
2023-03-08,18.4,9.44
2023-03-09,18.44,9.47
2023-03-10,18.86,9.55
2023-03-13,20,10.2
2023-03-14,19.89,10.39
2023-03-15,20,10.3
2023-03-16,19.92,10.13
2023-03-17,20.63,10.7
2023-03-20,20.69,10.93
2023-03-21,20.54,10.42
2023-03-22,21.1,10.72
2023-03-23,21.28,10.94
2023-03-24,21.22,10.96
2023-03-27,21.22,11.04
2023-03-28,21.43,11.37
2023-03-29,21.44,11.29
2023-03-30,21.94,11.56
2023-03-31,22.12,11.46
2023-04-03,22.06,11.6
2023-04-04,22.97,11.97
2023-04-05,22.94,11.84
2023-04-06,22.89,11.91
2023-04-10,22.88,11.8
2023-04-11,23.04,11.97
2023-04-12,23.43,12.08
2023-04-13,23.74,12.4
2023-04-14,23.31,12.02
2023-04-17,23.02,11.68
2023-04-18,23.15,11.7
2023-04-19,23.23,11.46
2023-04-20,23.17,11.41
2023-04-21,22.98,11.28
2023-04-24,23.08,11.33
2023-04-25,22.99,11.32
2023-04-26,22.83,11.23
2023-04-27,22.89,11.35
2023-04-28,23,11.32
2023-05-01,22.89,11.22
2023-05-02,23.35,11.5
2023-05-03,23.43,11.45
2023-05-04,23.94,11.65
2023-05-05,23.57,11.64
2023-05-08,23.49,11.63
2023-05-09,23.48,11.64
2023-05-10,23.31,11.37
2023-05-11,22.2,10.86
2023-05-12,22.02,10.8
2023-05-15,22.1,10.92
2023-05-16,21.81,10.7
2023-05-17,21.82,10.73
2023-05-18,21.56,10.47
2023-05-19,21.86,10.5
2023-05-22,21.67,10.41
2023-05-23,21.51,10.41
2023-05-24,21.16,10.16
2023-05-25,20.86,10.01
2023-05-26,21.38,10.02
2023-05-30,21.3,10.09
2023-05-31,21.61,10.15
